#include "bitmaps.hpp"

namespace evms {

const App::CrossBitmapType App::CrossBitmap = {{
    0x0000, 0x4008, 0x0000, 0x0000, 0x0000, 0x0000, 0x0000, 0x0000, 0x0000, 0x0000, 0x0000, 0x0000, 0x0000, 0x0000, 0x0000, 0x0000,
    0x0000, 0x0000, 0x0000, 0x0000, 0x0000, 0x0000, 0x0000, 0x0000, 0x0000, 0x0000, 0x0000, 0x0000, 0x0000, 0x0000, 0x0000, 0x0000,
    0x0000, 0x4008, 0x0000, 0x4008, 0x00A5, 0x6029, 0x0000, 0x0000, 0x0000, 0x0000, 0x0000, 0x0000, 0x0000, 0x0000, 0x0000, 0x0000,
    0x0000, 0x0000, 0x0000, 0x0000, 0x0000, 0x0000, 0x0000, 0x0000, 0x0000, 0x0000, 0x0000, 0x0000, 0x0000, 0x0000, 0x0000, 0x0000,
    0x0000, 0x0000, 0x0000, 0x6029, 0x00A5, 0x4008, 0x0000, 0x8031, 0x40AD, 0x6029, 0x0000, 0x0000, 0x0000, 0x0000, 0x0000, 0x0000,
    0x0000, 0x0000, 0x0000, 0x0000, 0x0000, 0x0000, 0x0000, 0x0000, 0x0000, 0x0000, 0x0000, 0x0000, 0x0000, 0x0000, 0x0000, 0x0000,
    0x0000, 0x0000, 0x0000, 0x0000, 0x0000, 0x6029, 0x40AD, 0x8031, 0x0000, 0x0000, 0x0000, 0x8031, 0x40AD, 0x6029, 0x0000, 0x0000,
    0x0000, 0x0000, 0x0000, 0x0000, 0x0000, 0x0000, 0x0000, 0x0000, 0x0000, 0x0000, 0x0000, 0x0000, 0x0000, 0x0000, 0x0000, 0x0000,
    0x0000, 0x0000, 0x0000, 0x0000, 0x0000, 0x0000, 0x0000, 0x6029, 0x40AD, 0x8031, 0x0000, 0x0000, 0x0000, 0x0000, 0x0000, 0x8031,
    0x40AD, 0x6029, 0x0000, 0x0000, 0x0000, 0x0000, 0x0000, 0x0000, 0x0000, 0x0000, 0x0000, 0x0000, 0x0000, 0x0000, 0x0000, 0x0000,
    0x0000, 0x0000, 0x0000, 0x0000, 0x0000, 0x0000, 0x0000, 0x0000, 0x0000, 0x6029, 0x40AD, 0x8031, 0x0000, 0x0000, 0x0000, 0x0000,
    0x0000, 0x0000, 0x0000, 0x8031, 0x40AD, 0x6029, 0x0000, 0x0000, 0x0000, 0x0000, 0x0000, 0x0000, 0x0000, 0x0000, 0x0000, 0x0000,
    0x0000, 0x0000, 0x0000, 0x0000, 0x0000, 0x0000, 0x0000, 0x0000, 0x0000, 0x0000, 0x0000, 0x6029, 0x40AD, 0x8031, 0x0000, 0x0000,
    0x0000, 0x0000, 0x0000, 0x0000, 0x0000, 0x0000, 0x0000, 0x8031, 0x40AD, 0x6029, 0x0000, 0x0000, 0x0000, 0x0000, 0x0000, 0x0000,
    0x0000, 0x0000, 0x0000, 0x0000, 0x0000, 0x0000, 0x0000, 0x0000, 0x0000, 0x0000, 0x0000, 0x0000, 0x0000, 0x6029, 0x40AD, 0x8031,
    0x0000, 0x0000, 0x0000, 0x0000, 0x0000, 0x0000, 0x0000, 0x0000, 0x0000, 0x0000, 0x0000, 0x8031, 0x40AD, 0x6029, 0x0000, 0x0000,
    0x0000, 0x0000, 0x0000, 0x0000, 0x0000, 0x0000, 0x0000, 0x0000, 0x0000, 0x0000, 0x0000, 0x0000, 0x0000, 0x0000, 0x0000, 0x6029,
    0x40AD, 0x8031, 0x0000, 0x0000, 0x0000, 0x0000, 0x0000, 0x0000, 0x0000, 0x0000, 0x0000, 0x0000, 0x0000, 0x0000, 0x0000, 0x8031,
    0x40AD, 0x6029, 0x0000, 0x0000, 0x0000, 0x0000, 0x0000, 0x0000, 0x0000, 0x0000, 0x0000, 0x0000, 0x0000, 0x0000, 0x0000, 0x0000,
    0x0000, 0x6029, 0x40AD, 0x8031, 0x0000, 0x0000, 0x0000, 0x0000, 0x0000, 0x0000, 0x0000, 0x0000, 0x0000, 0x0000, 0x0000, 0x0000,
    0x0000, 0x0000, 0x0000, 0x8031, 0x40AD, 0x6029, 0x0000, 0x0000, 0x0000, 0x0000, 0x0000, 0x0000, 0x0000, 0x0000, 0x0000, 0x0000,
    0x0000, 0x0000, 0x0000, 0x6029, 0x40AD, 0x8031, 0x0000, 0x0000, 0x0000, 0x0000, 0x0000, 0x0000, 0x0000, 0x0000, 0x0000, 0x0000,
    0x0000, 0x0000, 0x0000, 0x0000, 0x0000, 0x0000, 0x0000, 0x8031, 0x40AD, 0x6029, 0x0000, 0x0000, 0x0000, 0x0000, 0x0000, 0x0000,
    0x0000, 0x0000, 0x0000, 0x0000, 0x0000, 0x6029, 0x40AD, 0x8031, 0x0000, 0x0000, 0x0000, 0x0000, 0x0000, 0x0000, 0x0000, 0x0000,
    0x0000, 0x0000, 0x0000, 0x0000, 0x0000, 0x0000, 0x0000, 0x0000, 0x0000, 0x0000, 0x0000, 0x8031, 0x40AD, 0x6029, 0x0000, 0x0000,
    0x0000, 0x0000, 0x0000, 0x0000, 0x0000, 0x0000, 0x0000, 0x6029, 0x40AD, 0x8031, 0x0000, 0x0000, 0x0000, 0x0000, 0x0000, 0x0000,
    0x0000, 0x0000, 0x0000, 0x0000, 0x0000, 0x0000, 0x0000, 0x0000, 0x0000, 0x0000, 0x0000, 0x0000, 0x0000, 0x0000, 0x0000, 0x8031,
    0x40AD, 0x6029, 0x0000, 0x0000, 0x0000, 0x0000, 0x0000, 0x0000, 0x0000, 0x6029, 0x40AD, 0x8031, 0x0000, 0x0000, 0x0000, 0x0000,
    0x0000, 0x0000, 0x0000, 0x0000, 0x0000, 0x0000, 0x0000, 0x0000, 0x0000, 0x0000, 0x0000, 0x0000, 0x0000, 0x0000, 0x0000, 0x0000,
    0x0000, 0x0000, 0x0000, 0x8031, 0x40AD, 0x6029, 0x0000, 0x0000, 0x0000, 0x0000, 0x0000, 0x6029, 0x40AD, 0x8031, 0x0000, 0x0000,
    0x0000, 0x0000, 0x0000, 0x0000, 0x0000, 0x0000, 0x0000, 0x0000, 0x0000, 0x0000, 0x0000, 0x0000, 0x0000, 0x0000, 0x0000, 0x0000,
    0x0000, 0x0000, 0x0000, 0x0000, 0x0000, 0x0000, 0x0000, 0x8031, 0x40AD, 0x6029, 0x0000, 0x0000, 0x0000, 0x6029, 0x40AD, 0x8031,
    0x0000, 0x0000, 0x0000, 0x0000, 0x0000, 0x0000, 0x0000, 0x0000, 0x0000, 0x0000, 0x0000, 0x0000, 0x0000, 0x0000, 0x0000, 0x0000,
    0x0000, 0x0000, 0x0000, 0x0000, 0x0000, 0x0000, 0x0000, 0x0000, 0x0000, 0x0000, 0x0000, 0x8031, 0x00A5, 0x4008, 0x0000, 0x4008,
    0x00A5, 0x8031, 0x0000, 0x0000, 0x0000, 0x0000, 0x0000, 0x0000, 0x0000, 0x0000, 0x0000, 0x0000, 0x0000, 0x0000, 0x0000, 0x0000,
    0x0000, 0x0000, 0x0000, 0x0000, 0x0000, 0x0000, 0x0000, 0x0000, 0x0000, 0x0000, 0x0000, 0x0000, 0x0000, 0x0000, 0x0000, 0x4008,
    0x0000, 0x0000, 0x0000, 0x4008, 0x0000, 0x0000, 0x0000, 0x0000, 0x0000, 0x0000, 0x0000, 0x0000, 0x0000, 0x0000, 0x0000, 0x0000,
    0x0000, 0x0000, 0x0000, 0x0000, 0x0000, 0x0000, 0x0000, 0x0000, 0x0000, 0x0000, 0x0000, 0x0000, 0x0000, 0x0000, 0x0000, 0x0000,
    0x0000, 0x0000, 0x0000, 0x0000, 0xC0B5, 0x0000, 0x0000, 0x0000, 0x0000, 0x0000, 0x0000, 0x0000, 0x0000, 0x0000, 0x0000, 0x0000,
    0x0000, 0x0000, 0x0000, 0x0000, 0x0000, 0x0000, 0x0000, 0x0000, 0x0000, 0x0000, 0x0000, 0x0000, 0x0000, 0x0000, 0x0000, 0x0000,
    0x0000, 0x0000, 0x0000, 0x0000, 0x0000, 0x4008, 0x0000, 0x0000, 0x0000, 0x4008, 0x0000, 0x0000, 0x0000, 0x0000, 0x0000, 0x0000,
    0x0000, 0x0000, 0x0000, 0x0000, 0x0000, 0x0000, 0x0000, 0x0000, 0x0000, 0x0000, 0x0000, 0x0000, 0x0000, 0x0000, 0x0000, 0x0000,
    0x0000, 0x0000, 0x0000, 0x0000, 0x0000, 0x0000, 0x0000, 0x6029, 0x00A5, 0x4008, 0x0000, 0x4008, 0x00A5, 0x6029, 0x0000, 0x0000,
    0x0000, 0x0000, 0x0000, 0x0000, 0x0000, 0x0000, 0x0000, 0x0000, 0x0000, 0x0000, 0x0000, 0x0000, 0x0000, 0x0000, 0x0000, 0x0000,
    0x0000, 0x0000, 0x0000, 0x0000, 0x0000, 0x0000, 0x0000, 0x0000, 0x0000, 0x6029, 0x40AD, 0x8031, 0x0000, 0x0000, 0x0000, 0x8031,
    0x40AD, 0x6029, 0x0000, 0x0000, 0x0000, 0x0000, 0x0000, 0x0000, 0x0000, 0x0000, 0x0000, 0x0000, 0x0000, 0x0000, 0x0000, 0x0000,
    0x0000, 0x0000, 0x0000, 0x0000, 0x0000, 0x0000, 0x0000, 0x0000, 0x0000, 0x0000, 0x0000, 0x6029, 0x40AD, 0x8031, 0x0000, 0x0000,
    0x0000, 0x0000, 0x0000, 0x8031, 0x40AD, 0x6029, 0x0000, 0x0000, 0x0000, 0x0000, 0x0000, 0x0000, 0x0000, 0x0000, 0x0000, 0x0000,
    0x0000, 0x0000, 0x0000, 0x0000, 0x0000, 0x0000, 0x0000, 0x0000, 0x0000, 0x0000, 0x0000, 0x0000, 0x0000, 0x6029, 0x40AD, 0x8031,
    0x0000, 0x0000, 0x0000, 0x0000, 0x0000, 0x0000, 0x0000, 0x8031, 0x40AD, 0x6029, 0x0000, 0x0000, 0x0000, 0x0000, 0x0000, 0x0000,
    0x0000, 0x0000, 0x0000, 0x0000, 0x0000, 0x0000, 0x0000, 0x0000, 0x0000, 0x0000, 0x0000, 0x0000, 0x0000, 0x0000, 0x0000, 0x6029,
    0x40AD, 0x8031, 0x0000, 0x0000, 0x0000, 0x0000, 0x0000, 0x0000, 0x0000, 0x0000, 0x0000, 0x8031, 0x40AD, 0x6029, 0x0000, 0x0000,
    0x0000, 0x0000, 0x0000, 0x0000, 0x0000, 0x0000, 0x0000, 0x0000, 0x0000, 0x0000, 0x0000, 0x0000, 0x0000, 0x0000, 0x0000, 0x0000,
    0x0000, 0x6029, 0x40AD, 0x8031, 0x0000, 0x0000, 0x0000, 0x0000, 0x0000, 0x0000, 0x0000, 0x0000, 0x0000, 0x0000, 0x0000, 0x8031,
    0x40AD, 0x6029, 0x0000, 0x0000, 0x0000, 0x0000, 0x0000, 0x0000, 0x0000, 0x0000, 0x0000, 0x0000, 0x0000, 0x0000, 0x0000, 0x0000,
    0x0000, 0x0000, 0x0000, 0x6029, 0x40AD, 0x8031, 0x0000, 0x0000, 0x0000, 0x0000, 0x0000, 0x0000, 0x0000, 0x0000, 0x0000, 0x0000,
    0x0000, 0x0000, 0x0000, 0x8031, 0x40AD, 0x6029, 0x0000, 0x0000, 0x0000, 0x0000, 0x0000, 0x0000, 0x0000, 0x0000, 0x0000, 0x0000,
    0x0000, 0x0000, 0x0000, 0x0000, 0x0000, 0x6029, 0x40AD, 0x8031, 0x0000, 0x0000, 0x0000, 0x0000, 0x0000, 0x0000, 0x0000, 0x0000,
    0x0000, 0x0000, 0x0000, 0x0000, 0x0000, 0x0000, 0x0000, 0x8031, 0x40AD, 0x6029, 0x0000, 0x0000, 0x0000, 0x0000, 0x0000, 0x0000,
    0x0000, 0x0000, 0x0000, 0x0000, 0x0000, 0x0000, 0x0000, 0x6029, 0x40AD, 0x8031, 0x0000, 0x0000, 0x0000, 0x0000, 0x0000, 0x0000,
    0x0000, 0x0000, 0x0000, 0x0000, 0x0000, 0x0000, 0x0000, 0x0000, 0x0000, 0x0000, 0x0000, 0x8031, 0x40AD, 0x6029, 0x0000, 0x0000,
    0x0000, 0x0000, 0x0000, 0x0000, 0x0000, 0x0000, 0x0000, 0x0000, 0x0000, 0x6029, 0x40AD, 0x8031, 0x0000, 0x0000, 0x0000, 0x0000,
    0x0000, 0x0000, 0x0000, 0x0000, 0x0000, 0x0000, 0x0000, 0x0000, 0x0000, 0x0000, 0x0000, 0x0000, 0x0000, 0x0000, 0x0000, 0x8031,
    0x40AD, 0x6029, 0x0000, 0x0000, 0x0000, 0x0000, 0x0000, 0x0000, 0x0000, 0x0000, 0x0000, 0x6029, 0x40AD, 0x8031, 0x0000, 0x0000,
    0x0000, 0x0000, 0x0000, 0x0000, 0x0000, 0x0000, 0x0000, 0x0000, 0x0000, 0x0000, 0x0000, 0x0000, 0x0000, 0x0000, 0x0000, 0x0000,
    0x0000, 0x0000, 0x0000, 0x8031, 0x40AD, 0x6029, 0x0000, 0x0000, 0x0000, 0x0000, 0x0000, 0x0000, 0x0000, 0x6029, 0x40AD, 0x8031,
    0x0000, 0x0000, 0x0000, 0x0000, 0x0000, 0x0000, 0x0000, 0x0000, 0x0000, 0x0000, 0x0000, 0x0000, 0x0000, 0x0000, 0x0000, 0x0000,
    0x0000, 0x0000, 0x0000, 0x0000, 0x0000, 0x0000, 0x0000, 0x8031, 0x40AD, 0x6029, 0x0000, 0x0000, 0x0000, 0x0000, 0x0000, 0x6029,
    0x40AD, 0x8031, 0x0000, 0x0000, 0x0000, 0x0000, 0x0000, 0x0000, 0x0000, 0x0000, 0x0000, 0x0000, 0x0000, 0x0000, 0x0000, 0x0000,
    0x0000, 0x0000, 0x0000, 0x0000, 0x0000, 0x0000, 0x0000, 0x0000, 0x0000, 0x0000, 0x0000, 0x8031, 0x40AD, 0x6029, 0x0000, 0x0000,
    0x0000, 0x6029, 0x40AD, 0x8031, 0x0000, 0x0000, 0x0000, 0x0000, 0x0000, 0x0000, 0x0000, 0x0000, 0x0000, 0x0000, 0x0000, 0x0000,
    0x0000, 0x0000, 0x0000, 0x0000, 0x0000, 0x0000, 0x0000, 0x0000, 0x0000, 0x0000, 0x0000, 0x0000, 0x0000, 0x0000, 0x0000, 0x8031,
    0x40AD, 0x6029, 0x0000, 0x4008, 0x00A5, 0x8031, 0x0000, 0x0000, 0x0000, 0x0000, 0x0000, 0x0000, 0x0000, 0x0000, 0x0000, 0x0000,
    0x0000, 0x0000, 0x0000, 0x0000, 0x0000, 0x0000, 0x0000, 0x0000, 0x0000, 0x0000, 0x0000, 0x0000, 0x0000, 0x0000, 0x0000, 0x0000,
    0x0000, 0x0000, 0x0000, 0x8031, 0x00A5, 0x4008, 0x0000, 0x4008, 0x0000, 0x0000, 0x0000, 0x0000, 0x0000, 0x0000, 0x0000, 0x0000,
    0x0000, 0x0000, 0x0000, 0x0000, 0x0000, 0x0000, 0x0000, 0x0000, 0x0000, 0x0000, 0x0000, 0x0000, 0x0000, 0x0000, 0x0000, 0x0000,
    0x0000, 0x0000, 0x0000, 0x0000, 0x0000, 0x0000, 0x0000, 0x4008, 0x0000,
}};

const App::CalibrationMessageBitmapType App::CalibrationMessageBitmap = {{
    0x0000, 0x0000, 0x0000, 0x0000, 0x0000, 0x0000, 0x0000, 0xC318, 0x0421, 0x0421, 0x0421, 0x0421, 0x0421, 0x0421, 0x8210, 0x0000,
    0x0000, 0x0000, 0x0000, 0x0000, 0x0000, 0x0000, 0x0000, 0x0000, 0x0000, 0x0000, 0x0000, 0x0000, 0x0000, 0x0000, 0x0000, 0x0000,
    0x0000, 0x0000, 0x0000, 0x0000, 0x0000, 0x0000, 0xFFFF, 0xCF7B, 0x0000, 0x0000, 0x0000, 0x0000, 0x0000, 0x0000, 0x0000, 0x0000,
    0x0000, 0x0000, 0x0000, 0x0000, 0x0000, 0x0000, 0x0000, 0x0000, 0x0000, 0x0000, 0x0000, 0x0000, 0x0000, 0x0000, 0x0000, 0x0000,
    0x0000, 0x0000, 0x0000, 0x0000, 0x0000, 0x0000, 0x0000, 0x0000, 0x0000, 0x0000, 0x0000, 0x0000, 0x0000, 0x0000, 0x0000, 0x0000,
    0x0000, 0x0000, 0x0000, 0x0000, 0x0000, 0x0000, 0x0000, 0x0000, 0x0000, 0x0000, 0x0000, 0x0000, 0x0000, 0x0000, 0x0000, 0x0000,
    0x0000, 0x0000, 0x0000, 0x0000, 0x0000, 0x0000, 0x0000, 0x0000, 0x0000, 0x0000, 0x0000, 0xFFFF, 0x1084, 0x0000, 0x0000, 0xCB5A,
    0x0000, 0x0000, 0x8E73, 0xDEF7, 0x0000, 0x0000, 0x0000, 0x0000, 0x0000, 0x0000, 0x0000, 0x0000, 0x0000, 0x0000, 0x0000, 0x0000,
    0x0000, 0x0000, 0x0000, 0x0000, 0x0000, 0x0000, 0x0000, 0x0000, 0x0000, 0x0000, 0x0000, 0x0000, 0x0000, 0xAB5A, 0x4108, 0x0000,
    0x0000, 0x0000, 0x0000, 0x0000, 0x0000, 0x0000, 0x0000, 0x0000, 0x0000, 0x0000, 0x0000, 0x0000, 0x0000, 0x0000, 0x0000, 0x0000,
    0x0000, 0x0000, 0x0000, 0x0000, 0x0000, 0x0000, 0x0000, 0x0000, 0x0000, 0x0000, 0x0000, 0x0000, 0x0000, 0x0000, 0x0000, 0xFBDE,
    0xFFFF, 0xFFFF, 0xFFFF, 0xFFFF, 0xFFFF, 0xFFFF, 0xF39C, 0x0000, 0x0000, 0x0000, 0x0000, 0x0000, 0x0000, 0x0000, 0x0000, 0x0000,
    0x0000, 0x0000, 0x0000, 0x0000, 0x0000, 0x0000, 0x0000, 0x0000, 0x0000, 0x0000, 0x0000, 0x0000, 0x0000, 0x0000, 0x99CE, 0x3084,
    0x0000, 0x0000, 0x0000, 0x0000, 0x0000, 0x0000, 0x0000, 0x0000, 0x0000, 0x0000, 0x0000, 0x0000, 0x0000, 0x0000, 0x0000, 0x0000,
    0x0000, 0x0000, 0x0000, 0x0000, 0x0000, 0x0000, 0x0000, 0x0000, 0x0000, 0x0000, 0x0000, 0x0000, 0x0000, 0x0000, 0x0000, 0x0000,
    0x0000, 0x0000, 0x0000, 0x0000, 0x0000, 0x0000, 0x0000, 0x0000, 0x0000, 0x0000, 0x0000, 0x0000, 0x0000, 0x0000, 0x0000, 0x0000,
    0x0000, 0x0000, 0x0000, 0x0000, 0x0000, 0x0000, 0x0000, 0x0000, 0x0000, 0x0000, 0x0000, 0x0000, 0x0000, 0x0000, 0x0000, 0x0000,
    0x0000, 0x0000, 0x0000, 0x38C6, 0x1084, 0x0000, 0xE841, 0xFFFF, 0x8A52, 0x0000, 0x8E73, 0x5CE7, 0x0000, 0x0000, 0x0000, 0x0000,
    0x0000, 0x0000, 0x0000, 0x0000, 0x0000, 0x0000, 0x0000, 0x0000, 0x0000, 0x0000, 0x0000, 0x0000, 0x0000, 0x0000, 0x0000, 0x0000,
    0x694A, 0xE318, 0x0000, 0x0000, 0xA631, 0xFFFF, 0xEB5A, 0x0000, 0x0000, 0x0000, 0x0000, 0x0000, 0x0000, 0x0000, 0x0000, 0x0000,
    0x0000, 0x0000, 0x0000, 0x0000, 0x0000, 0x0000, 0x0000, 0x0000, 0x0000, 0x0000, 0x0000, 0x0000, 0x0000, 0x0000, 0x0000, 0x0000,
    0x0000, 0x0000, 0x0000, 0x0000, 0x0000, 0x0000, 0x0000, 0x0000, 0x0000, 0x0000, 0xF7BD, 0xF39C, 0x0000, 0x0000, 0x0000, 0x0000,
    0x0000, 0x0000, 0x0000, 0x0000, 0x0000, 0x0000, 0x0000, 0x0000, 0x0000, 0x0000, 0x0000, 0x0000, 0x0000, 0x0000, 0x0000, 0x0000,
    0x0000, 0x0000, 0x0000, 0x0000, 0x0000, 0x0000, 0x99CE, 0xB294, 0x0000, 0x0000, 0x0000, 0x0000, 0x0000, 0x0000, 0x0000, 0x0000,
    0x0000, 0x0000, 0x0000, 0x0000, 0x0000, 0x0000, 0x0000, 0x0000, 0x0000, 0x0000, 0x0000, 0x0000, 0x0000, 0x0000, 0x0000, 0x0000,
    0x0000, 0x0000, 0x0000, 0x0000, 0x0000, 0x0000, 0x0000, 0x0000, 0x0000, 0x0000, 0x0000, 0x0000, 0x0000, 0x0000, 0x0000, 0x0000,
    0x0000, 0x0000, 0x0000, 0x0000, 0x0000, 0x0000, 0x0000, 0x0000, 0x0000, 0x0000, 0x0000, 0x0000, 0x0000, 0x0000, 0x0000, 0x0000,
    0x0000, 0x0000, 0x0000, 0x0000, 0x0000, 0x0000, 0x0000, 0x0000, 0x0000, 0x0000, 0x0000, 0x38C6, 0x1084, 0x0000, 0x0000, 0xA631,
    0x0000, 0x0000, 0x8E73, 0xDEF7, 0x0000, 0x0000, 0x0000, 0x0000, 0x0000, 0x0000, 0x0000, 0x0000, 0x0000, 0x0000, 0x0000, 0x0000,
    0x0000, 0x0000, 0x0000, 0x0000, 0x0000, 0x0000, 0x0000, 0x0000, 0xBEF7, 0x2C63, 0x0000, 0x0000, 0x0000, 0xA739, 0x0000, 0x0000,
    0x0000, 0x0000, 0x0000, 0x0000, 0x0000, 0x0000, 0x0000, 0x0000, 0x0000, 0x0000, 0x0000, 0x0000, 0x0000, 0x0000, 0x0000, 0x0000,
    0x0000, 0x0000, 0x0000, 0x0000, 0x0000, 0x0000, 0x0000, 0x0000, 0x0000, 0x0000, 0x0000, 0x0000, 0x0000, 0x0000, 0x0000, 0x0000,
    0x0000, 0x0000, 0xF7BD, 0xF39C, 0x0000, 0x0000, 0x0000, 0x2000, 0xAA52, 0x1084, 0x6D6B, 0x0421, 0x0000, 0x0000, 0x0000, 0xCF7B,
    0xC318, 0x0000, 0x0000, 0xA210, 0xCF7B, 0x0000, 0x0000, 0x0000, 0x0421, 0xAE73, 0x3084, 0xAA52, 0x0000, 0x0000, 0x99CE, 0x14A5,
    0xC739, 0x3084, 0x8E73, 0x2000, 0x0000, 0x0000, 0x0000, 0xAA52, 0x3084, 0x1084, 0x6529, 0x0000, 0x0000, 0x0000, 0x0C63, 0x518C,
    0x6D6B, 0x0421, 0x0000, 0xA739, 0xAE73, 0xE420, 0x3084, 0xB6B5, 0x0000, 0x0000, 0x0842, 0xEF7B, 0xEF7B, 0x494A, 0x0000, 0x0000,
    0x0000, 0x0000, 0x2842, 0xEF7B, 0xEF7B, 0x0842, 0x0000, 0x0000, 0x0000, 0xCF7B, 0x0000, 0xAA52, 0x9294, 0x0C63, 0x0000, 0x0000,
    0x0000, 0x0000, 0x0000, 0x0000, 0x0000, 0x0000, 0xEC62, 0x518C, 0x8E73, 0x2529, 0x0000, 0x0000, 0xCB5A, 0xEF7B, 0x1084, 0x8A52,
    0x0000, 0x0000, 0x0000, 0x38C6, 0x1084, 0x0000, 0x8210, 0xEF7B, 0x0421, 0x0000, 0x8E73, 0xFFFF, 0x8210, 0xAE73, 0x1084, 0x0842,
    0x0000, 0x0000, 0x0000, 0xCF7B, 0x0000, 0x4D6B, 0x1084, 0x0000, 0x6210, 0x2D6B, 0x718C, 0xAE73, 0x4529, 0x0000, 0x8210, 0x6D6B,
    0xFFFF, 0x55AD, 0x2C63, 0x0C63, 0x0C63, 0x0C63, 0x8210, 0x0000, 0x0000, 0x0000, 0xAA52, 0x3084, 0xCF7B, 0x2842, 0x0000, 0x0000,
    0x0000, 0xCF7B, 0xC318, 0x494A, 0x718C, 0x6D6B, 0x0000, 0x0000, 0x0000, 0x0000, 0x0000, 0x0000, 0x0000, 0x0000, 0x0000, 0x0000,
    0x0000, 0x0000, 0x0000, 0x0000, 0x0000, 0x0000, 0x0000, 0x0000, 0x0000, 0x0000, 0xF7BD, 0xF39C, 0x0000, 0x0000, 0x8210, 0x38C6,
    0xBAD6, 0x718C, 0xF7BD, 0x9EF7, 0x2842, 0x0000, 0x4108, 0xFFFF, 0x0842, 0x0000, 0x0000, 0xE739, 0xFFFF, 0x6108, 0x0000, 0xE739,
    0x9EF7, 0x75AD, 0x518C, 0xFFFF, 0x6D6B, 0x0000, 0x99CE, 0xBAD6, 0x3CE7, 0x17BE, 0x5CE7, 0x79CE, 0x0000, 0x0000, 0xEF7B, 0xFFFF,
    0x6D6B, 0x3084, 0xD39C, 0x0000, 0x0000, 0x96B5, 0xFBDE, 0x518C, 0x34A5, 0x99CE, 0x0000, 0x2C63, 0x9EF7, 0x7DEF, 0x14A5, 0x7DEF,
    0x0000, 0x3084, 0xFFFF, 0xCF7B, 0x96B5, 0xFFFF, 0xCB5A, 0x0000, 0x0000, 0x718C, 0xFFFF, 0xAE73, 0xB6B5, 0xFFFF, 0x8A52, 0x0000,
    0xC318, 0xFFFF, 0xD7BD, 0x38C6, 0xD39C, 0xFFFF, 0x718C, 0x0000, 0x0000, 0x0000, 0x0000, 0x0000, 0x0000, 0x34A5, 0x5DEF, 0x718C,
    0xBAD6, 0x1CE7, 0x0000, 0xF39C, 0x38C6, 0x718C, 0x9294, 0xFFFF, 0xCF7B, 0x0000, 0x0000, 0x38C6, 0x1084, 0x0000, 0x4529, 0xFFFF,
    0xE739, 0x0000, 0x8E73, 0xFFFF, 0xFFFF, 0xB294, 0x75AD, 0xFFFF, 0x6D6B, 0x0000, 0x4108, 0xFFFF, 0xB6B5, 0xF7BD, 0xFFFF, 0xC318,
    0x1CE7, 0x75AD, 0x1084, 0x34A5, 0xFFFF, 0x8631, 0xE318, 0xF7BD, 0xFFFF, 0x79CE, 0x79CE, 0x79CE, 0x79CE, 0xFFFF, 0x2842, 0x0000,
    0x6210, 0x38C6, 0x59CE, 0x518C, 0x55AD, 0xFFFF, 0x4D6B, 0x0000, 0x0000, 0x5CE7, 0xD7BD, 0xDBDE, 0x518C, 0xDFFF, 0xD6B5, 0x0000,
    0x0000, 0x0000, 0x0000, 0x0000, 0x0000, 0x0000, 0x0000, 0x0000, 0x0000, 0x0000, 0x0000, 0x0000, 0x0000, 0x0000, 0x0000, 0x0000,
    0x0000, 0x0000, 0xF7BD, 0xF39C, 0x0000, 0x0000, 0x1084, 0xDBDE, 0x6108, 0x0000, 0x0000, 0x14A5, 0xBAD6, 0x0000, 0x4108, 0xFFFF,
    0x0842, 0x0000, 0x0000, 0xE739, 0xFFFF, 0x6108, 0x0000, 0x38C6, 0x14A5, 0x0000, 0x0000, 0x4108, 0x8631, 0x0000, 0x99CE, 0x38C6,
    0xA318, 0x0000, 0x494A, 0xFFFF, 0x6529, 0x0000, 0x17BE, 0x55AD, 0x0000, 0x0000, 0x0000, 0x0000, 0x4D6B, 0xFFFF, 0x6631, 0x0000,
    0x0000, 0x8A52, 0x0000, 0x2C63, 0xFFFF, 0x34A5, 0x0000, 0x0000, 0xC739, 0xFFFF, 0x6529, 0x0000, 0x0000, 0xB6B5, 0x59CE, 0x0000,
    0x2842, 0xFFFF, 0x2421, 0x0000, 0x0000, 0x18C6, 0x18C6, 0x0000, 0xC318, 0xFFFF, 0xB294, 0x0000, 0x0000, 0x518C, 0x3CE7, 0x0000,
    0x0000, 0x0000, 0x0000, 0x0000, 0xAA52, 0xFFFF, 0x494A, 0x0000, 0x0000, 0x694A, 0x0000, 0x0421, 0x0000, 0x0000, 0x0000, 0x518C,
    0x58C6, 0x0000, 0x0000, 0x38C6, 0x1084, 0x0000, 0x4529, 0xFFFF, 0xE739, 0x0000, 0x8E73, 0xFFFF, 0x694A, 0x0000, 0x0000, 0x139D,
    0xF7BD, 0x0000, 0x4108, 0xFFFF, 0x96B5, 0x0000, 0x0000, 0x0000, 0x6631, 0x0000, 0x0000, 0x0000, 0xFBDE, 0x8E73, 0x0000, 0x0000,
    0xFFFF, 0x0C63, 0x0000, 0x0000, 0x2108, 0xFFFF, 0x2842, 0x0000, 0x1084, 0xFBDE, 0x0000, 0x0000, 0x0000, 0x718C, 0xFBDE, 0x0000,
    0x0000, 0x5CE7, 0xB6B5, 0x2108, 0x0000, 0xEC62, 0xFFFF, 0xA318, 0x0000, 0x0000, 0x0000, 0x0000, 0x0000, 0x0000, 0x0000, 0x0000,
    0x0000, 0x0000, 0x0000, 0x0000, 0x0000, 0x0000, 0x0000, 0x0000, 0x0000, 0x0000, 0xF7BD, 0xF39C, 0x0000, 0x0000, 0x18C6, 0x1084,
    0x0000, 0x0000, 0x0000, 0x494A, 0xFFFF, 0x4108, 0x4108, 0xFFFF, 0x0842, 0x0000, 0x0000, 0xE739, 0xFFFF, 0x6108, 0x0000, 0xDEF7,
    0x0C63, 0x0000, 0x0000, 0x0000, 0x0000, 0x0000, 0x99CE, 0xCF7B, 0x0000, 0x0000, 0x6108, 0xFFFF, 0x0842, 0x0000, 0x3084, 0xBEF7,
    0x6D6B, 0xA210, 0x0000, 0x0000, 0x718C, 0x79CE, 0x0000, 0x0000, 0x0000, 0x0000, 0x0000, 0x2C63, 0xFFFF, 0x0000, 0x0000, 0x0000,
    0x0C63, 0xFFFF, 0xAE73, 0xAE73, 0xCF7B, 0xD6B5, 0xBEF7, 0x0000, 0x6D6B, 0xDEF7, 0xAE73, 0xCF7B, 0xCF7B, 0xF7BD, 0x7DEF, 0x0000,
    0xC318, 0xFFFF, 0x6631, 0x0000, 0x0000, 0xAA52, 0xDEF7, 0x0000, 0x0000, 0x0000, 0x0000, 0x0000, 0xCF7B, 0x1CE7, 0x0000, 0x0000,
    0x0000, 0x0000, 0x0000, 0x0000, 0x0000, 0xC739, 0xEB5A, 0x96B5, 0xBAD6, 0x0000, 0x0000, 0x38C6, 0x1084, 0x0000, 0x4529, 0xFFFF,
    0xE739, 0x0000, 0x8E73, 0xFBDE, 0x0000, 0x0000, 0x0000, 0x2D6B, 0xBEF7, 0x0000, 0x4108, 0xFFFF, 0x0842, 0x0000, 0x0000, 0x0000,
    0x0000, 0xC318, 0x2842, 0x2D6B, 0xBAD6, 0x1084, 0x0000, 0x0000, 0xFFFF, 0xCB5A, 0x0000, 0x0000, 0x2108, 0xFFFF, 0x2842, 0x0000,
    0xD7BD, 0xF39C, 0x0000, 0x0000, 0x0000, 0x2842, 0xFFFF, 0xC318, 0x0000, 0x5CE7, 0x0C63, 0x0000, 0x0000, 0x2421, 0xFFFF, 0x4529,
    0x0000, 0x0000, 0x0000, 0x0000, 0x0000, 0x0000, 0x0000, 0x0000, 0x0000, 0x0000, 0x0000, 0x0000, 0x0000, 0x0000, 0x0000, 0x0000,
    0x0000, 0x0000, 0xF7BD, 0xF39C, 0x0000, 0x0000, 0xDBDE, 0xEF7B, 0x0000, 0x0000, 0x0000, 0x0842, 0xFFFF, 0xC318, 0x4108, 0xFFFF,
    0x0842, 0x0000, 0x0000, 0xE739, 0xFFFF, 0x6108, 0x8210, 0xFFFF, 0xAA52, 0x0000, 0x0000, 0x0000, 0x0000, 0x0000, 0x99CE, 0xAE73,
    0x0000, 0x0000, 0x2108, 0xFFFF, 0x2842, 0x0000, 0x0000, 0x0C63, 0x9AD6, 0xBEF7, 0xEB5A, 0x0000, 0x14A5, 0x18C6, 0x0000, 0x0000,
    0x0000, 0x0000, 0x0000, 0x2C63, 0x3CE7, 0x0000, 0x0000, 0x0000, 0xCF7B, 0xFFFF, 0x96B5, 0x75AD, 0x34A5, 0xF39C, 0x718C, 0x0000,
    0x3084, 0xDEF7, 0x96B5, 0x75AD, 0x34A5, 0xF39C, 0x518C, 0x0000, 0xC318, 0xFFFF, 0x6631, 0x0000, 0x0000, 0x694A, 0xDFFF, 0x0000,
    0x0000, 0x0000, 0x0000, 0x0000, 0x718C, 0xBAD6, 0x0000, 0x0000, 0x0000, 0x0000, 0x0000, 0x494A, 0x3CE7, 0xFFFF, 0xB294, 0x9AD6,
    0xBAD6, 0x0000, 0x0000, 0x38C6, 0x1084, 0x0000, 0x4529, 0xFFFF, 0xE739, 0x0000, 0x8E73, 0xFBDE, 0x0000, 0x0000, 0x0000, 0xAA52,
    0xFFFF, 0x4108, 0x4108, 0xFFFF, 0x0842, 0x0000, 0x0000, 0x0000, 0x3084, 0xFFFF, 0x54A5, 0xB294, 0x3CE7, 0x1084, 0x0000, 0x0000,
    0xBEF7, 0xCB5A, 0x0000, 0x0000, 0x2108, 0xFFFF, 0x2842, 0x0000, 0x9AD6, 0x9294, 0x0000, 0x0000, 0x0000, 0xC739, 0xFFFF, 0x6529,
    0x0000, 0x5CE7, 0xEB5A, 0x0000, 0x0000, 0xE420, 0xFFFF, 0x6529, 0x0000, 0x0000, 0x0000, 0x0000, 0x0000, 0x0000, 0x0000, 0x0000,
    0x0000, 0x0000, 0x0000, 0x0000, 0x0000, 0x0000, 0x0000, 0x0000, 0x0000, 0x0000, 0xF7BD, 0xF39C, 0x0000, 0x0000, 0xF7BD, 0xF39C,
    0x0000, 0x0000, 0x0000, 0xEB5A, 0xBEF7, 0x0000, 0x0000, 0xFFFF, 0x8A52, 0x0000, 0x0000, 0x2C63, 0xFFFF, 0x6108, 0x0000, 0x7DEF,
    0x8E73, 0x0000, 0x0000, 0x0000, 0x0000, 0x0000, 0x99CE, 0xAE73, 0x0000, 0x0000, 0x2108, 0xFFFF, 0x2842, 0x0000, 0x0000, 0x0000,
    0x0000, 0xEF7B, 0x5DEF, 0x0000, 0x1084, 0xDAD6, 0x0000, 0x0000, 0x0000, 0x0000, 0x0000, 0x2C63, 0x3CE7, 0x0000, 0x0000, 0x0000,
    0xCB5A, 0xFFFF, 0x0000, 0x0000, 0x0000, 0x0000, 0x0000, 0x0000, 0x0C63, 0xDEF7, 0x0000, 0x0000, 0x0000, 0x0000, 0x0000, 0x0000,
    0xC318, 0xFFFF, 0x6631, 0x0000, 0x0000, 0x694A, 0xFFFF, 0x0000, 0x0000, 0x0000, 0x0000, 0x0000, 0x6D6B, 0x7DEF, 0x0000, 0x0000,
    0x0000, 0x0000, 0x0000, 0x9AD6, 0x3084, 0x0000, 0x0000, 0xEF7B, 0xBAD6, 0x0000, 0x0000, 0x38C6, 0x1084, 0x0000, 0x4529, 0xFFFF,
    0xE739, 0x0000, 0x8E73, 0x1BDF, 0x0000, 0x0000, 0x0000, 0xEF7B, 0x3CE7, 0x0000, 0x4108, 0xFFFF, 0x0842, 0x0000, 0x0000, 0x4529,
    0xFFFF, 0xCB5A, 0x0000, 0x0000, 0xDAD6, 0x1084, 0x0000, 0x0000, 0x7DEF, 0xB294, 0x0000, 0x0000, 0x2108, 0xFFFF, 0x2842, 0x0000,
    0x96B5, 0x96B5, 0x0000, 0x0000, 0x0000, 0xAA52, 0xFFFF, 0x2108, 0x0000, 0x5CE7, 0xEB5A, 0x0000, 0x0000, 0xE420, 0xFFFF, 0x6529,
    0x0000, 0x0000, 0x0000, 0x0000, 0x0000, 0x0000, 0x0000, 0x0000, 0x0000, 0x0000, 0x0000, 0x0000, 0x0000, 0x0000, 0x0000, 0x0000,
    0x0000, 0x0000, 0xF7BD, 0xF39C, 0x0000, 0x0000, 0x8E73, 0xBEF7, 0x2842, 0x0000, 0x2421, 0xDBDE, 0x718C, 0x0000, 0x0000, 0x79CE,
    0x54A5, 0x2000, 0x2C63, 0x7DEF, 0xFFFF, 0x6108, 0x0000, 0x9294, 0x38C6, 0x494A, 0x0000, 0xCB5A, 0xCF7B, 0x0000, 0x99CE, 0xAE73,
    0x0000, 0x0000, 0x2108, 0xFFFF, 0x2842, 0x0000, 0xCF7B, 0x0000, 0x0000, 0xF39C, 0x3CE7, 0x0000, 0x8631, 0xFFFF, 0x2C63, 0x2000,
    0x4529, 0xBEF7, 0x0000, 0x2C63, 0x1CE7, 0x0000, 0x0000, 0x0000, 0x6210, 0x7DEF, 0xEF7B, 0x0000, 0x0000, 0x0421, 0x2C63, 0x0000,
    0xA318, 0xDEF7, 0xAE73, 0x0000, 0x0000, 0x2421, 0xEB5A, 0x0000, 0xC318, 0xFFFF, 0x6631, 0x0000, 0x0000, 0x694A, 0xFFFF, 0x0000,
    0x0000, 0x0000, 0x0000, 0x0000, 0x0421, 0xFFFF, 0x8E73, 0x4108, 0xE420, 0xFFFF, 0x0000, 0x79CE, 0x14A5, 0x0000, 0xC318, 0x58C6,
    0xBAD6, 0x0000, 0x0000, 0x38C6, 0x1084, 0x0000, 0x4529, 0xFFFF, 0xE739, 0x0000, 0x8E73, 0xFFFF, 0xF39C, 0xE318, 0xE739, 0x3CE7,
    0x1084, 0x0000, 0x4108, 0xFFFF, 0x0842, 0x0000, 0x0000, 0x2529, 0xFFFF, 0x8A52, 0x0000, 0x694A, 0xFFFF, 0x1084, 0x0000, 0x0000,
    0xBAD6, 0x9294, 0x0000, 0xC318, 0x2108, 0xFFFF, 0x2842, 0x0000, 0xEB5A, 0xFFFF, 0xAA52, 0x0000, 0x694A, 0x17BE, 0x518C, 0x0000,
    0x0000, 0x5CE7, 0xEB5A, 0x0000, 0x0000, 0xE420, 0xFFFF, 0x6529, 0x0000, 0x0000, 0x0000, 0x0000, 0x0000, 0x0000, 0x0000, 0x0000,
    0x0000, 0x0000, 0x0000, 0x0000, 0x0000, 0x0000, 0x0000, 0x0000, 0x0000, 0x0000, 0xF7BD, 0xD39C, 0x0000, 0x0000, 0x4108, 0x9294,
    0xFFFF, 0xFFFF, 0xBEF7, 0xB294, 0x6108, 0x0000, 0x0000, 0x8A52, 0x9DEF, 0xFFFF, 0x7DEF, 0x0C63, 0xFFFF, 0x6108, 0x0000, 0x6210,
    0x55AD, 0xFFFF, 0xFFFF, 0xBAD6, 0xC739, 0x0000, 0xFFFF, 0xAE73, 0x0000, 0x0000, 0x2108, 0xFFFF, 0x2842, 0x0000, 0xF7BD, 0xFFFF,
    0x3CE7, 0xFBDE, 0x694A, 0x0000, 0x0000, 0x4D6B, 0x9EF7, 0xFFFF, 0xDFFF, 0x518C, 0x0000, 0x2C63, 0xFFFF, 0x0000, 0x0000, 0x0000,
    0x0000, 0x294A, 0x99CE, 0xFFFF, 0x3CE7, 0x7DEF, 0x79CE, 0x0000, 0x0000, 0x694A, 0xBAD6, 0xFFFF, 0x3CE7, 0x7DEF, 0x38C6, 0x0000,
    0xC318, 0xFFFF, 0x6631, 0x0000, 0x0000, 0x694A, 0xFFFF, 0x0000, 0x0000, 0x0000, 0x0000, 0x0000, 0x0000, 0xEB5A, 0x9DEF, 0xFFFF,
    0xFFFF, 0xD294, 0x0000, 0xEB5A, 0xBEF7, 0x7DEF, 0x7DEF, 0x718C, 0xFFFF, 0x0000, 0x0000, 0x38C6, 0x1084, 0x0000, 0x4529, 0xFFFF,
    0xE739, 0x0000, 0x8E73, 0x18C6, 0xF39C, 0xFFFF, 0xFFFF, 0x14A5, 0x0000, 0x0000, 0x4108, 0xFFFF, 0x0842, 0x0000, 0x0000, 0x0000,
    0x139D, 0xFFFF, 0x1BDF, 0xF7BD, 0x96B5, 0x1084, 0x0000, 0x0000, 0x3084, 0xFFFF, 0xFFFF, 0x0C63, 0x2108, 0xFFFF, 0x2842, 0x0000,
    0x0000, 0xEF7B, 0x9EF7, 0xFFFF, 0xDFFF, 0xD39C, 0x0000, 0x0000, 0x0000, 0xFFFF, 0xEB5A, 0x0000, 0x0000, 0xE420, 0xFFFF, 0x6529,
    0x0000, 0x0000, 0x0000, 0x0000, 0x0000, 0x0000, 0x0000, 0x0000, 0x0000, 0x0000, 0x0000, 0x0000, 0x0000, 0x0000, 0x0000, 0x0000,
    0x0000, 0x0000, 0x0000, 0x0000, 0x0000, 0x0000, 0x0000, 0x0000, 0x4108, 0x0421, 0x2000, 0x0000, 0x0000, 0x0000, 0x0000, 0x0000,
    0x0000, 0xC318, 0x0000, 0x0000, 0x0000, 0x0000, 0x0000, 0x0000, 0x0000, 0x4108, 0xE318, 0x0000, 0x0000, 0x0000, 0x0000, 0x0000,
    0x0000, 0x0000, 0x0000, 0x0000, 0x0000, 0x0000, 0x0000, 0xC318, 0xA210, 0x0000, 0x0000, 0x0000, 0x0000, 0x0000, 0x0000, 0xE318,
    0x4108, 0x0000, 0x0000, 0x0000, 0x0000, 0x0000, 0x0000, 0x0000, 0x0000, 0x0000, 0x0000, 0x4108, 0xC318, 0x0000, 0x0000, 0x0000,
    0x0000, 0x0000, 0x0000, 0x4108, 0xC318, 0x0000, 0x0000, 0x0000, 0x0000, 0x0000, 0x0000, 0x0000, 0x0000, 0x0000, 0x0000, 0x0000,
    0x0000, 0x0000, 0x0000, 0x0000, 0x0000, 0x0000, 0x0000, 0xE318, 0x8210, 0x0000, 0x0000, 0x0000, 0x0000, 0xC318, 0x0000, 0x0000,
    0x0000, 0x0000, 0x0000, 0x0000, 0x0000, 0x0000, 0x0000, 0x6210, 0x0000, 0x0000, 0x0000, 0x0000, 0x0000, 0xE318, 0x2108, 0x0000,
    0x0000, 0x0000, 0x0000, 0x0000, 0x0000, 0x0000, 0x0000, 0x0000, 0x0000, 0x4108, 0x6210, 0x0000, 0x0000, 0x0000, 0x0000, 0x0000,
    0x0000, 0x2108, 0xA318, 0x0000, 0x0000, 0x8210, 0x0000, 0x0000, 0x0000, 0x0000, 0x0000, 0xC318, 0x0000, 0x0000, 0x0000, 0x0000,
    0x0000, 0x0000, 0x0000, 0x0000, 0x0000, 0x0000, 0x0000, 0x0000, 0x0000, 0x0000, 0x0000, 0x0000, 0x0000, 0x0000, 0x0000, 0x0000,
    0x0000, 0x0000, 0x0000, 0x0000, 0x0000, 0x0000, 0x0000, 0x0000, 0x0000, 0x0000, 0x0000, 0x0000, 0x0000, 0x0000, 0x0000, 0x0000,
    0x0000, 0x0000, 0x0000, 0x0000, 0x0000, 0x0000, 0x0000, 0x0000, 0x0000, 0x0000, 0x0000, 0x0000, 0x0000, 0x0000, 0x0000, 0x0000,
    0x0000, 0x0000, 0x0000, 0x0000, 0x0000, 0x0000, 0x0000, 0x0000, 0x0000, 0x0000, 0x0000, 0x0000, 0x0000, 0x0000, 0x0000, 0x0000,
    0x0000, 0x0000, 0x0000, 0x0000, 0x0000, 0x0000, 0x0000, 0x0000, 0x0000, 0x0000, 0x0000, 0x0000, 0x0000, 0x0000, 0x0000, 0x0000,
    0x0000, 0x0000, 0x0000, 0x0000, 0x0000, 0x0000, 0x0000, 0x0000, 0x0000, 0x0000, 0x0000, 0x0000, 0x0000, 0x0000, 0x0000, 0x0000,
    0x0000, 0x0000, 0x0000, 0x0000, 0x0000, 0x0000, 0x0000, 0x0000, 0x0000, 0x0000, 0x0000, 0x0000, 0x0000, 0x0000, 0x0000, 0x0000,
    0x0000, 0x0000, 0x0000, 0x0000, 0x0000, 0x0000, 0x0000, 0x0000, 0x0000, 0x0000, 0x0000, 0x0000, 0x0000, 0x0000, 0x0000, 0x0000,
    0x0000, 0x0000, 0x0000, 0x0000, 0x0000, 0x0000, 0x0000, 0x0000, 0x0000, 0x0000, 0x0000, 0x0000, 0x0000, 0x0000, 0x0000, 0x0000,
    0x0000, 0x0000, 0x0000, 0x0000, 0x0000, 0x0000, 0x0000, 0x0000, 0x0000, 0x0000, 0x0000, 0x0000, 0x0000, 0x0000, 0x0000, 0x0000,
    0x0000, 0x0000, 0x0000, 0x0000, 0x0000, 0x0000, 0x0000, 0x0000, 0x0000, 0x0000, 0x0000, 0x0000, 0x0000, 0x0000, 0x0000, 0x0000,
    0x0000, 0x0000, 0x0000, 0x0000, 0x0000, 0x0000, 0x0000, 0x0000, 0x0000, 0x0000, 0x0000, 0x0000, 0x0000, 0x0000, 0x0000, 0x0000,
    0x0000, 0x0000, 0x0000, 0x0000, 0x0000, 0x0000, 0x0000, 0x0000, 0x0000, 0x0000, 0x0000, 0x0000, 0x0000, 0x0000, 0x0000, 0x0000,
    0x0000, 0x0000, 0x0000, 0x0000, 0x0000, 0x0000, 0x0000, 0x0000, 0x0000, 0x0000, 0x0000, 0x0000, 0x0000, 0x0000, 0x0000, 0x0000,
    0x0000, 0x0000, 0x0000, 0x0000, 0x0000, 0x0000, 0x0000, 0x0000, 0x0000, 0x0000, 0x0000, 0x0000, 0x0000, 0x0000, 0x0000, 0x0000,
    0x0000, 0x0000, 0x0000, 0x0000, 0x0000, 0x0000, 0x0000, 0x0000, 0x0000, 0x0000, 0x0000, 0x0000, 0x0000, 0x0000, 0x0000, 0x0000,
    0x0000, 0x0000, 0x0000, 0x0000, 0x0000, 0x0000, 0x0000, 0x0000, 0x0000, 0x0000, 0x0000, 0x0000, 0x0000, 0x0000, 0x0000, 0x0000,
    0x0000, 0x0000, 0x0000, 0x0000, 0x0000, 0x0000, 0x0000, 0x0000, 0x0000, 0x0000, 0x0000, 0x0000, 0x0000, 0x0000, 0x0000, 0x0000,
    0x0000, 0x0000, 0x0000, 0x0000, 0x0000, 0x0000, 0x0000, 0x0000, 0x0000, 0x0000, 0x0000, 0x0000, 0x0000, 0x0000, 0x0000, 0x0000,
    0x0000, 0x0000, 0x0000, 0x0000, 0x0000, 0x0000, 0x0000, 0x0000, 0x0000, 0x0000, 0x0000, 0x0000, 0x0000, 0x0000, 0x0000, 0x0000,
    0x0000, 0x0000, 0x0000, 0x0000, 0x0000, 0x0000, 0x0000, 0x0000, 0x0000, 0x0000, 0x0000, 0x0000, 0x0000, 0x0000, 0x0000, 0x0000,
    0x0000, 0x0000, 0x0000, 0x0000, 0x0000, 0x0000, 0x0000, 0x0000, 0x0000, 0x0000, 0x0000, 0x0000, 0x0000, 0x0000, 0x0000, 0x0000,
    0x0000, 0x0000, 0x0000, 0x0000, 0x0000, 0x0000, 0x0000, 0x0000, 0x0000, 0x0000, 0x0000, 0x0000, 0x0000, 0x0000, 0x0000, 0x0000,
    0x0000, 0x0000, 0x0000, 0x0000, 0x0000, 0x0000, 0x0000, 0x0000, 0x0000, 0x0000, 0x0000, 0x0000, 0x0000, 0x0000, 0x0000, 0x0000,
    0x0000, 0x0000, 0x0000, 0x0000, 0x0000, 0x0000, 0x0000, 0x0000, 0x0000, 0x0000, 0x0000, 0x0000, 0x0000, 0x0000, 0x0000, 0x0000,
    0x0000, 0x0000, 0x0000, 0x0000, 0x0000, 0x0000, 0x0000, 0x0000, 0x0000, 0x0000, 0x0000, 0x0000, 0x0000, 0x0000, 0x0000, 0x0000,
    0x0000, 0x0000, 0x0000, 0x0000, 0x0000, 0x0000, 0x0000, 0x0000, 0x0000, 0x0000, 0x0000, 0x0000, 0x0000, 0x0000, 0x0000, 0x0000,
    0x0000, 0x0000, 0x0000, 0x0000, 0x0000, 0x0000, 0x0000, 0x0000, 0x0000, 0x0000, 0x0000, 0x0000, 0x0000, 0x0000, 0x0000, 0x0000,
    0x0000, 0x0000, 0x0000, 0x0000, 0x0000, 0x0000, 0x0000, 0x0000, 0x0000, 0x0000, 0x0000, 0x0000, 0x0000, 0x0000, 0x0000, 0x0000,
    0x0000, 0x0000, 0x0000, 0x0000, 0x0000, 0x0000, 0x0000, 0x0000, 0x0000, 0x0000, 0x0000, 0x0000, 0x0000, 0x0000, 0x0000, 0x0000,
    0x0000, 0x0000, 0x0000, 0x0000, 0x0000, 0x0000, 0x0000, 0x0000, 0x0000, 0x0000, 0x0000, 0x0000, 0x0000, 0x0000, 0x0000, 0x0000,
    0x0000, 0x0000, 0x0000, 0x0000, 0x0000, 0x0000, 0x0000, 0x0000, 0x0000, 0x0000, 0x0000, 0x0000, 0x0000, 0x0000, 0x0000, 0x0000,
    0x0000, 0x0000, 0x0000, 0x0000, 0x0000, 0x0000, 0x0000, 0x0000, 0x0000, 0x0000, 0x0000, 0x0000, 0x0000, 0x0000, 0x0000, 0x0000,
    0x0000, 0x0000, 0x0000, 0x0000, 0x0000, 0x0000, 0x0000, 0x0000, 0x0000, 0x0000, 0x0000, 0x0000, 0x0000, 0x0000, 0x0000, 0x0000,
    0x0000, 0x0000, 0x0000, 0x0000, 0x0000, 0x0000, 0x0000, 0x0000, 0x0000, 0x0000, 0x0000, 0x0000, 0x0000, 0x0000, 0x0000, 0x0000,
    0x0000, 0x0000, 0x0000, 0x0000, 0x0000, 0x0000, 0x0000, 0x0000, 0x0000, 0x0000, 0x0000, 0x0000, 0x0000, 0x0000, 0x0000, 0x0000,
    0x0000, 0x0000, 0x0000, 0x0000, 0x0000, 0x0000, 0x0000, 0x0000, 0x0000, 0x0000, 0x0000, 0x0000, 0x0000, 0x0000, 0x0000, 0x0000,
    0x0000, 0x0000, 0x0000, 0x0000, 0x0000, 0x0000, 0x0000, 0x0000, 0x0000, 0x0000, 0x0000, 0x0000, 0x0000, 0x0000, 0x0000, 0x0000,
    0x0000, 0x0000, 0x0000, 0x0000, 0x0000, 0x0000, 0x0000, 0x0000, 0x0000, 0x0000, 0x0000, 0x0000, 0x0000, 0x0000, 0x0000, 0x0000,
    0x0000, 0x0000, 0x0000, 0x0000, 0x0000, 0x0000, 0x0000, 0x0000, 0x0000, 0x0000, 0x0000, 0x0000, 0x0000, 0x0000, 0x0000, 0x0000,
    0x0000, 0x0000, 0x0000, 0x0000, 0x0000, 0x0000, 0x0000, 0x0000, 0x0000, 0x0000, 0x0000, 0x0000, 0x0000, 0x0000, 0x0000, 0x0000,
    0x0000, 0x0000, 0x0000, 0x0000, 0x0000, 0x0000, 0x0000, 0x0000, 0x0000, 0x0000, 0x0000, 0x0000, 0x0000, 0x0000, 0x0000, 0x0000,
    0x0000, 0x0000, 0x0000, 0x0000, 0x0000, 0x0000, 0x0000, 0x0000, 0x0000, 0x0000, 0x0000, 0x0000, 0x0000, 0x0000, 0x0000, 0x0000,
    0x0000, 0x0000, 0x0000, 0x0000, 0x0000, 0x0000, 0x0000, 0x0000, 0x0000, 0x0000, 0x0000, 0x0000, 0x0000, 0x0000, 0x0000, 0x0000,
    0x0000, 0x0000, 0x0000, 0x0000, 0x0000, 0x0000, 0x0000, 0x0000, 0x0000, 0x0000, 0x0000, 0x0000, 0x0000, 0x0000, 0x0000, 0x0000,
    0x0000, 0x0000, 0x0000, 0x0000, 0x0000, 0x0000, 0x0000, 0x0000, 0x0000, 0x0000, 0x0000, 0x0000, 0x0000, 0x0000, 0x0000, 0x0000,
    0x0000, 0x0000, 0x0000, 0x0000, 0x0000, 0x0000, 0x0000, 0x0000, 0x0000, 0x0000, 0x0000, 0x0000, 0x0000, 0x0000, 0x0000, 0x0000,
    0x0000, 0x0000, 0x0000, 0x0000, 0x0000, 0x0000, 0x0000, 0x0000, 0x0000, 0x0000, 0x0000, 0x0000, 0x0000, 0x0000, 0x0000, 0x0000,
    0x0000, 0x0000, 0x0000, 0x0000, 0x0000, 0x0000, 0x0000, 0x0000, 0x0000, 0x0000, 0x0000, 0x0000, 0x0000, 0x0000, 0x0000, 0x0000,
    0x0000, 0x0000, 0x0000, 0x0000, 0x0000, 0x0000, 0x0000, 0x0000, 0x0000, 0x0000, 0x0000, 0x0000, 0x0000, 0x0000, 0x0000, 0x0000,
    0x0000, 0x0000, 0x0000, 0x0000, 0x0000, 0x0000, 0x0000, 0x0000, 0x0000, 0x0000, 0x0000, 0x0000, 0x0000, 0x0000, 0x0000, 0x0000,
    0x0000, 0x0000, 0x0000, 0x0000, 0x0000, 0x0000, 0x0000, 0x0000, 0x0000, 0x0000, 0x0000, 0x0000, 0x0000, 0x0000, 0x0000, 0x0000,
    0x0000, 0x0000, 0x0000, 0x0000, 0x0000, 0x0000, 0x0000, 0x0000, 0x0000, 0x0000, 0x0000, 0x0000, 0x0000, 0x0000, 0x0000, 0x0000,
    0x0000, 0x0000, 0x0000, 0x0000, 0x0000, 0x0000, 0x0000, 0x0000, 0x0000, 0x0000, 0x0000, 0x0000, 0x0000, 0x0000, 0x0000, 0x0000,
    0x0000, 0x0000, 0x0000, 0x0000, 0x0000, 0x0000, 0x0000, 0x0000, 0x0000, 0x0000, 0x0000, 0x0000, 0x0000, 0x0000, 0x0000, 0x0000,
    0x0000, 0x0000, 0x0000, 0x0000, 0x0000, 0x0000, 0x0000, 0x0000, 0x0000, 0x0000, 0x0000, 0x0000, 0x0000, 0x0000, 0x0000, 0x0000,
    0x0000, 0x0000, 0x0000, 0x0000, 0x0000, 0x0000, 0x0000, 0x0000, 0x0000, 0x0000, 0x0000, 0x0000, 0x0000, 0x0000, 0x0000, 0x0000,
    0x0000, 0x0000, 0x0000, 0x0000, 0x0000, 0x0000, 0x0000, 0x0000, 0x0000, 0x0000, 0x0000, 0x0000, 0x0000, 0x0000, 0x0000, 0x0000,
    0x0000, 0x0000, 0x0000, 0x0000, 0x0000, 0x0000, 0x0000, 0x0000, 0x0000, 0x0000, 0x0000, 0x0000, 0x0000, 0x0000, 0x0000, 0x0000,
    0x0000, 0x0000, 0x0000, 0x0000, 0x0000, 0x0000, 0x0000, 0x0000, 0x0000, 0x0000, 0x0000, 0x0000, 0x0000, 0x0000, 0x0000, 0x0000,
    0x0000, 0x0000, 0x0000, 0x0000, 0x0000, 0x0000, 0x0000, 0x0000, 0x0000, 0x0000, 0x0000, 0x0000, 0x0000, 0x0000, 0x0000, 0x0000,
    0x0000, 0x0000, 0x0000, 0x0000, 0x0000, 0x0000, 0x0000, 0x0000, 0x0000, 0x0000, 0x0000, 0x0000, 0x0000, 0x0000, 0x0000, 0x0000,
    0x0000, 0x0000, 0x0000, 0x0000, 0x0000, 0x0000, 0x0000, 0x0000, 0x0000, 0x0000, 0x0000, 0x0000, 0x0000, 0x0000, 0x0000, 0x0000,
    0x0000, 0x0000, 0x0000, 0x0000, 0x0000, 0x0000, 0x0000, 0x0000, 0x0000, 0x0000, 0x0000, 0x0000, 0x0000, 0x0000, 0x0000, 0x0000,
    0x0000, 0x0000, 0x0000, 0x0000, 0x0000, 0x0000, 0x0000, 0x0000, 0x0000, 0x0000, 0x0000, 0x0000, 0x0000, 0x0000, 0x0000, 0x0000,
    0x0000, 0x0000, 0x0000, 0x0000, 0x0000, 0x0000, 0x0000, 0x0000, 0x0000, 0x0000, 0x0000, 0x0000, 0x0000, 0x0000, 0x0000, 0x0000,
    0x0000, 0x0000, 0x0000, 0x0000, 0x0000, 0x0000, 0x0000, 0x0000, 0x0000, 0x0000, 0x0000, 0x0000, 0x0000, 0x0000, 0x0000, 0x0000,
    0x0000, 0x0000, 0x0000, 0x0000, 0x0000, 0x0000, 0x0000, 0x0000, 0x0000, 0x0000, 0x0000, 0x0000, 0x0000, 0x0000, 0x0000, 0x0000,
    0x0000, 0x0000, 0x0000, 0x0000, 0x0000, 0x0000, 0x0000, 0x0000, 0x0000, 0x0000, 0x0000, 0x0000, 0x0000, 0x0000, 0x0000, 0x0000,
    0x0000, 0x0000, 0x0000, 0x0000, 0x0000, 0x0000, 0x0000, 0x0000, 0x0000, 0x0000, 0x0000, 0x0000, 0x0000, 0x0000, 0x0000, 0x0000,
    0x0000, 0x0000, 0x0000, 0x0000, 0x0000, 0x0000, 0x0000, 0x0000, 0x0000, 0x0000, 0x0000, 0x0000, 0x0000, 0x0000, 0x0000, 0x0000,
    0x0000, 0x0000, 0x0000, 0x0000, 0x0000, 0x0000, 0x0000, 0x0000, 0x0000, 0x0000, 0x0000, 0x0000, 0x0000, 0x0000, 0x0000, 0x0000,
    0x0000, 0x0000, 0x0000, 0x0000, 0x0000, 0x0000, 0x0000, 0x0000, 0x0000, 0x0000, 0x0000, 0x0000, 0x0000, 0x0000, 0x0000, 0x0000,
    0x0000, 0x0000, 0x0000, 0x0000, 0x0000, 0x0000, 0x0000, 0x0000, 0x0000, 0x0000, 0x0000, 0x0000, 0x0000, 0x0000, 0x0000, 0x0000,
    0x0000, 0x0000, 0x0000, 0x0000, 0x0000, 0x0000, 0x0000, 0x0000, 0x0000, 0x0000, 0x0000, 0x0000, 0x0000, 0x0000, 0x0000, 0x0000,
    0x0000, 0x0000, 0x0000, 0x0000, 0x0000, 0x0000, 0x0000, 0x0000, 0x0000, 0x0000, 0x0000, 0x0000, 0x0000, 0x0000, 0x0000, 0x0000,
    0x0000, 0x0000, 0x0000, 0x0000, 0x0000, 0x0000, 0x0000, 0x0000, 0x0000, 0x0000, 0x0000, 0x0000, 0x0000, 0x0000, 0x0000, 0x0000,
    0x0000, 0x0000, 0x0000, 0x0000, 0x0000, 0x0000, 0x0000, 0x0000, 0x0000, 0x0000, 0x0000, 0x0000, 0x0000, 0x0000, 0x0000, 0x0000,
    0x0000, 0x0000, 0x0000, 0x0000, 0x0000, 0x0000, 0x0000, 0x0000, 0x0000, 0x0000, 0x0000, 0x0000, 0x0000, 0x0000, 0x0000, 0x0000,
    0x0000, 0x0000, 0x0000, 0x0000, 0x0000, 0x0000, 0x0000, 0x0000, 0x0000, 0x0000, 0x0000, 0x0000, 0x0000, 0x0000, 0x0000, 0x0000,
    0x0000, 0x0000, 0x0000, 0x0000, 0x0000, 0x0000, 0x0000, 0x0000, 0x0000, 0x0000, 0x0000, 0x0000, 0x0000, 0x0000, 0x0000, 0x0000,
    0x0000, 0x0000, 0x0000, 0x0000, 0x0000, 0x0000, 0x0000, 0x0000, 0x0000, 0x0000, 0x0000, 0x0000, 0x0000, 0x0000, 0x0000, 0x0000,
    0x0000, 0x0000, 0x0000, 0x0000, 0x0000, 0x0000, 0x0000, 0x0000, 0x0000, 0x0000, 0x0000, 0x0000, 0x0000, 0x0000, 0x0000, 0x0000,
    0x0000, 0x0000, 0x0000, 0x0000, 0x0000, 0x0000, 0x0000, 0x0000, 0x0000, 0x0000, 0x0000, 0x0000, 0x0000, 0x0000, 0x0000, 0x0000,
    0x0000, 0x0000, 0x0000, 0x0000, 0x0000, 0x0000, 0x0000, 0x0000, 0x0000, 0x0000, 0x0000, 0x0000, 0x0000, 0x0000, 0x0000, 0x0000,
    0x0000, 0x0000, 0x0000, 0x0000, 0x0000, 0x0000, 0x0000, 0x0000, 0x0000, 0x0000, 0x0000, 0x0000, 0x0000, 0x0000, 0x0000, 0x0000,
    0x0000, 0x0000, 0x0000, 0x0000, 0x0000, 0x0000, 0x0000, 0x0000, 0x0000, 0x0000, 0x0000, 0x0000, 0x0000, 0x0000, 0x0000, 0x0000,
    0x0000, 0x0000, 0x0000, 0x0000, 0x0000, 0x0000, 0x0000, 0x0000, 0x0000, 0x0000, 0x0000, 0x0000, 0x0000, 0x0000, 0x0000, 0x0000,
    0x0000, 0x0000, 0x0000, 0x0000, 0x0000, 0x0000, 0x0000, 0x0000, 0x0000, 0x0000, 0x0000, 0x0000, 0x0000, 0x0000, 0x0000, 0x0000,
    0x0000, 0x0000, 0x0000, 0x0000, 0x0000, 0x0000, 0x0000, 0x0000, 0x0000, 0x0000, 0x0000, 0x0000, 0x0000, 0x0000, 0x0000, 0x0000,
    0x0000, 0x0000, 0x0000, 0x0000, 0x0000, 0x0000, 0x0000, 0x0000, 0x0000, 0x0000, 0x0000, 0x0000, 0x0000, 0x0000, 0x0000, 0x0000,
    0x0000, 0x0000, 0x0000, 0x0000, 0x0000, 0x0000, 0x0000, 0x0000, 0x0000, 0x0000, 0x0000, 0x0000, 0x0000, 0x0000, 0x0000, 0x0000,
    0x0000, 0x0000, 0x0000, 0x0000, 0x0000, 0x0000, 0x0000, 0x0000, 0x0000, 0x0000, 0x0000, 0x0000, 0x0000, 0x0000, 0x0000, 0x0000,
    0x0000, 0x0000, 0x0000, 0x0000, 0x0000, 0x0000, 0x0000, 0x0000, 0x0000, 0x0000, 0x0000, 0x0000, 0x0000, 0x0000, 0x0000, 0x0000,
    0x0000, 0x0000, 0x0000, 0x0000, 0x0000, 0x0000, 0x0000, 0x0000, 0x0000, 0x0000, 0x0000, 0x0000, 0x0000, 0x0000, 0x0000, 0x0000,
    0x0000, 0x0000, 0x0000, 0x0000, 0x0000, 0x0000, 0x0000, 0x0000, 0x0000, 0x0000, 0x0000, 0x0000, 0x0000, 0x0000, 0x0000, 0x0000,
    0x0000, 0x0000, 0x0000, 0x0000, 0x0000, 0x0000, 0x0000, 0x0000, 0x0000, 0x0000, 0x0000, 0x0000, 0x0000, 0x0000, 0x0000, 0x0000,
    0x0000, 0x0000, 0x0000, 0x0000, 0x0000, 0x0000, 0x0000, 0x0000, 0x0000, 0x0000, 0x0000, 0x0000, 0x0000, 0x0000, 0x0000, 0x0000,
    0x0000, 0x0000, 0x0000, 0x0000, 0x0000, 0x0000, 0x0000, 0x0000, 0x0000, 0x0000, 0x0000, 0x0000, 0x0000, 0x0000, 0x0000, 0x0000,
    0x0000, 0x0000, 0x0000, 0x0000, 0x0000, 0x0000, 0x0000, 0x0000, 0x0000, 0x0000, 0x0000, 0x0000, 0x0000, 0x0000, 0x0000, 0x0000,
    0x0000, 0x0000, 0x0000, 0x0000, 0x0000, 0x0000, 0x0000, 0x0000, 0x0000, 0x0000, 0x0000, 0x0000, 0x0000, 0x0000, 0x0000, 0x0000,
    0x0000, 0x0000, 0x0000, 0x0000, 0x0000, 0x0000, 0x0000, 0x0000, 0x0000, 0x0000, 0x0000, 0x0000, 0x0000, 0x0000, 0x0000, 0x0000,
    0x0000, 0x0000, 0x0000, 0x0000, 0x0000, 0x0000, 0x0000, 0x0000, 0x0000, 0x0000, 0x0000, 0x0000, 0x0000, 0x0000, 0x0000, 0x0000,
    0x0000, 0x0000, 0x0000, 0x0000, 0x0000, 0x0000, 0x0000, 0x0000, 0x0000, 0x0000, 0x0000, 0x0000, 0x0000, 0x0000, 0x0000, 0x0000,
    0x0000, 0x0000, 0x0000, 0x0000, 0x0000, 0x0000, 0x0000, 0x0000, 0x0000, 0x0000, 0x0000, 0x0000, 0x0000, 0x0000, 0x0000, 0x0000,
    0x0000, 0x0000, 0x0000, 0x0000, 0x0000, 0x0000, 0x0000, 0x0000, 0x0000, 0x0000, 0x0000, 0x0000, 0x0000, 0x0000, 0x0000, 0x0000,
    0x0000, 0x0000, 0x0000, 0x0000, 0x0000, 0x0000, 0x0000, 0x0000, 0x0000, 0x0000, 0x0000, 0x0000, 0x0000, 0x0000, 0x0000, 0x0000,
    0x0000, 0x0000, 0x0000, 0x0000, 0x0000, 0x0000, 0x0000, 0x0000, 0x0000, 0x0000, 0x0000, 0x0000, 0x0000, 0x0000, 0x0000, 0x0000,
    0x0000, 0x0000, 0x0000, 0x0000, 0x0000, 0x0000, 0x0000, 0x0000, 0x0000, 0x0000, 0x0000, 0x0000, 0x0000, 0x0000, 0x0000, 0x0000,
    0x0000, 0x0000, 0x0000, 0x0000, 0x0000, 0x0000, 0x0000, 0x0000, 0x0000, 0x0000, 0x0000, 0x0000, 0x0000, 0x0000, 0x0000, 0x0000,
    0x0000, 0x0000, 0x0000, 0x0000, 0x0000, 0x0000, 0x0000, 0x0000, 0x0000, 0x0000, 0x0000, 0x0000, 0x0000, 0x0000, 0x0000, 0x0000,
    0x0000, 0x0000, 0x0000, 0x0000, 0x0000, 0x0000, 0x0000, 0x0000, 0x0000, 0x0000, 0x0000, 0x0000, 0x0000, 0x0000, 0x0000, 0x0000,
    0x0000, 0x0000, 0x0000, 0x0000, 0x0000, 0x0000, 0x0000, 0x0000, 0x0000, 0x0000, 0x0000, 0x0000, 0x0000, 0x0000, 0x0000, 0x0000,
    0x0000, 0x0000, 0x0000, 0x0000, 0x0000, 0x0000, 0x0000, 0x0000, 0x0000, 0x0000, 0x0000, 0x0000, 0x0000, 0x0000, 0x0000, 0x0000,
    0x0000, 0x0000, 0x0000, 0x0000, 0x0000, 0x0000, 0x0000, 0x0000, 0x0000, 0x0000, 0x0000, 0x0000, 0x0000, 0x0000, 0x0000, 0x0000,
    0x0000, 0x0000, 0x0000, 0x0000, 0x0000, 0x0000, 0x0000, 0x0000, 0x0000, 0x0000, 0x0000, 0x0000, 0x0000, 0x0000, 0x0000, 0x0000,
    0x0000, 0x0000, 0x0000, 0x0000, 0x0000, 0x0000, 0x0000, 0x0000, 0x0000, 0x0000, 0x0000, 0x0000, 0x0000, 0x0000, 0x0000, 0x0000,
    0x0000, 0x0000, 0x0000, 0x0000, 0x0000, 0x0000, 0x0000, 0x0000, 0x0000, 0x0000, 0x0000, 0x0000, 0x0000, 0x0000, 0x0000, 0x0000,
    0x0000, 0x0000, 0x0000, 0x0000, 0x0000, 0x0000, 0x0000, 0x0000, 0x0000, 0x0000, 0x0000, 0x0000, 0x0000, 0x0000, 0x0000, 0x0000,
    0x0000, 0x0000, 0x0000, 0x0000, 0x0000, 0x0000, 0x0000, 0x0000, 0x0000, 0x0000, 0x0000, 0x0000, 0x0000, 0x0000, 0x0000, 0x0000,
    0x0000, 0x0000, 0x0000, 0x0000, 0x0000, 0x0000, 0x0000, 0x0000, 0x0000, 0x0000, 0x0000, 0x0000, 0x0000, 0x0000, 0x0000, 0x0000,
    0x0000, 0x0000, 0x0000, 0x0000, 0x0000, 0x0000, 0x0000, 0x0000, 0x0000, 0x0000, 0x0000, 0x0000, 0x0000, 0x0000, 0x0000, 0x0000,
    0x0000, 0x0000, 0x0000, 0x0000, 0x0000, 0x0000, 0x0000, 0x0000, 0x0000, 0x0000, 0x0000, 0x0000, 0x0000, 0x0000, 0x0000, 0x0000,
    0x0000, 0x0000, 0x0000, 0x0000, 0x0000, 0x0000, 0x0000, 0x0000, 0x0000, 0x0000, 0x0000, 0x0000, 0x0000, 0x0000, 0x0000, 0x0000,
    0x0000, 0x0000, 0x0000, 0x0000, 0x0000, 0x0000, 0x0000, 0x0000, 0x0000, 0x0000, 0x0000, 0x0000, 0x0000, 0x0000, 0x0000, 0x0000,
    0x0000, 0x0000, 0x0000, 0x0000, 0x0000, 0x0000, 0x0000, 0x0000, 0x0000, 0x0000, 0x0000, 0x0000, 0x0000, 0x0000, 0x0000, 0x0000,
    0x0000, 0x0000, 0x0000, 0x0000, 0x0000, 0x0000, 0x0000, 0x0000, 0x0000, 0x0000, 0x0000, 0x0000, 0x0000, 0x0000, 0x0000, 0x0000,
    0x0000, 0x0000, 0x0000, 0x0000, 0x0000, 0x0000, 0x0000, 0x0000, 0x0000, 0x0000, 0x0000, 0x0000, 0x0000, 0x0000, 0x0000, 0x0000,
    0x0000, 0x0000, 0x0000, 0x0000, 0x0000, 0x0000, 0x0000, 0x0000, 0x0000, 0x0000, 0x0000, 0x0000, 0x0000, 0x0000, 0x0000, 0x0000,
    0x0000, 0x0000, 0x0000, 0x0000, 0x0000, 0x0000, 0x0000, 0x0000, 0x0000, 0x0000, 0x0000, 0x0000, 0x0000, 0x0000, 0x0000, 0x0000,
    0x0000, 0x0000, 0x0000, 0x0000, 0x0000, 0x0000, 0x0000, 0x0000, 0x0000, 0x0000, 0x0000, 0x0000, 0x0000, 0x0000, 0x0000, 0x0000,
    0x0000, 0x0000, 0x0000, 0x0000, 0x0000, 0x0000, 0x0000, 0x0000, 0x0000, 0x0000, 0x0000, 0x0000, 0x0000, 0x0000, 0x0000, 0x0000,
    0x0000, 0x0000, 0x0000, 0x0000, 0x0000, 0x0000, 0x0000, 0x0000, 0x0000, 0x0000, 0x0000, 0x0000, 0x0000, 0x0000, 0x0000, 0x0000,
    0x0000, 0x0000, 0x0000, 0x0000, 0x0000, 0x0000, 0x0000, 0x0000, 0x0000, 0x0000, 0x0000, 0x0000, 0x0000, 0x0000, 0x0000, 0x0000,
    0x0000, 0x0000, 0x0000, 0x0000, 0x0000, 0x0000, 0x0000, 0x0000, 0x0000, 0x0000, 0x0000, 0x0000, 0x0000, 0x0000, 0x0000, 0x0000,
    0x0000, 0x0000, 0x0000, 0x0000, 0x0000, 0x0000, 0x0000, 0x0000, 0x0000, 0x0000, 0x0000, 0x0000, 0x0000, 0x0000, 0x0000, 0x0000,
    0x0000, 0x0000, 0x0000, 0x0000, 0x0000, 0x0000, 0x0000, 0x0000, 0x0000, 0x0000, 0x0000, 0x0000, 0x0000, 0x0000, 0x0000, 0x0000,
    0x0000, 0x0000, 0x0000, 0x0000, 0x0000, 0x0000, 0x0000, 0x0000, 0x0000, 0x0000, 0x0000, 0x0000, 0x0000, 0x0000, 0x0000, 0x0000,
    0x0000, 0x0000, 0x0000, 0x0000, 0x0000, 0x0000, 0x0000, 0x0000, 0x0000, 0x0000, 0x0000, 0x0000, 0x0000, 0x0000, 0x0000, 0x0000,
    0x0000, 0x0000, 0x0000, 0x0000, 0x0000, 0x0000, 0x0000, 0x0000, 0x0000, 0x0000, 0x0000, 0x0000, 0x0000, 0x0000, 0x0000, 0x0000,
    0x0000, 0x0000, 0x0000, 0x0000, 0x0000, 0x0000, 0x0000, 0x0000, 0x0000, 0x0000, 0x0000, 0x0000, 0x0000, 0x0000, 0x0000, 0x0000,
    0x0000, 0x0000, 0x0000, 0x0000, 0x0000, 0x0000, 0x0000, 0x0000, 0x0000, 0x0000, 0x0000, 0x0000, 0x0000, 0x0000, 0x0000, 0x0000,
    0x0000, 0x0000, 0x0000, 0x0000, 0x0000, 0x0000, 0x0000, 0x0000, 0x0000, 0x0000, 0x0000, 0x0000, 0x0000, 0x0000, 0x0000, 0x0000,
    0x0000, 0x0000, 0x0000, 0x0000, 0x0000, 0x0000, 0x0000, 0x0000, 0x0000, 0x0000, 0x0000, 0x0000, 0x0000, 0x0000, 0x0000, 0x0000,
    0x0000, 0x0000, 0x0000, 0x0000, 0x0000, 0x0000, 0x0000, 0x0000, 0x0000, 0x0000, 0x0000, 0x0000, 0x0000, 0x0000, 0x0000, 0x0000,
    0x0000, 0x0000, 0x0000, 0x0000, 0x0000, 0x0000, 0x0000, 0x0000, 0x0000, 0x0000, 0x0000, 0x0000, 0x0000, 0x0000, 0x0000, 0x0000,
    0x0000, 0x0000, 0x0000, 0x0000, 0x0000, 0x0000, 0x0000, 0x0000, 0x0000, 0x0000, 0x0000, 0x0000, 0x0000, 0x0000, 0x0000, 0x0000,
    0x0000, 0x0000, 0x0000, 0x0000, 0x0000, 0x0000, 0x0000, 0x0000, 0x0000, 0x0000, 0x0000, 0x0000, 0x0000, 0x0000, 0x0000, 0x0000,
    0x0000, 0x0000, 0x0000, 0x0000, 0x0000, 0x0000, 0x0000, 0x0000, 0x0000, 0x0000, 0x0000, 0x0000, 0x0000, 0x0000, 0x0000, 0x0000,
    0x0000, 0x0000, 0x0000, 0x0000, 0x0000, 0x0000, 0x0000, 0x0000, 0x0000, 0x0000, 0x0000, 0x0000, 0x0000, 0x0000, 0x0000, 0x0000,
    0x0000, 0x0000, 0x0000, 0x0000, 0x0000, 0x0000, 0x0000, 0x0000, 0x0000, 0x0000, 0x0000, 0x0000, 0x0000, 0x0000, 0x0000, 0x0000,
    0x0000, 0x0000, 0x0000, 0x0000, 0x0000, 0x0000, 0x0000, 0x0000, 0x0000, 0x0000, 0x0000, 0x0000, 0x0000, 0x0000, 0x0000, 0x0000,
    0x0000, 0x0000, 0x0000, 0x0000, 0x0000, 0x0000, 0x0000, 0x0000, 0x0000, 0x0000, 0x0000, 0x0000, 0x0000, 0x0000, 0x0000, 0x0000,
    0x0000, 0x0000, 0x0000, 0x0000, 0x0000, 0x0000, 0x0000, 0x0000, 0x0000, 0x0000, 0x0000, 0x0000, 0x0000, 0x0000, 0x0000, 0x0000,
    0x0000, 0x0000, 0x0000, 0x0000, 0x0000, 0x0000, 0x0000, 0x0000, 0x0000, 0x0000, 0x0000, 0x0000, 0x0000, 0x0000, 0x0000, 0x0000,
    0x0000, 0x0000, 0x0000, 0x0000, 0x0000, 0x0000, 0x0000, 0x0000, 0x0000, 0x0000, 0x0000, 0x0000, 0x0000, 0x0000, 0x0000, 0x0000,
    0x0000, 0x0000, 0x0000, 0x0000, 0x0000, 0x0000, 0x0000, 0x0000, 0x0000, 0x0000, 0x0000, 0x0000, 0x0000, 0x0000, 0x0000, 0x0000,
    0x0000, 0x0000, 0x0000, 0x0000, 0x0000, 0x0000, 0x0000, 0x0000, 0x0000, 0x0000, 0x0000, 0x0000, 0x0000, 0x0000, 0x0000, 0x0000,
    0x0000, 0x0000, 0x0000, 0x0000, 0x0000, 0x0000, 0x0000, 0x0000, 0x0000, 0x0000, 0x0000, 0x0000, 0x0000, 0x0000, 0x0000, 0x0000,
    0x0000, 0x0000, 0x0000, 0x0000, 0x0000, 0x0000, 0x0000, 0x0000, 0x0000, 0x0000, 0x0000, 0x0000, 0x0000, 0x0000, 0x0000, 0x0000,
    0x0000, 0x0000, 0x0000, 0x0000, 0x0000, 0x0000, 0x0000, 0x0000, 0x0000, 0x0000, 0x0000, 0x0000, 0x0000, 0x0000, 0x0000, 0x0000,
    0x0000, 0x0000, 0x0000, 0x0000, 0x0000, 0x0000, 0x0000, 0x0000, 0x0000, 0x0000, 0x0000, 0x0000, 0x0000, 0x0000, 0x0000, 0x0000,
    0x0000, 0x0000, 0x0000, 0x0000, 0x0000, 0x0000, 0x0000, 0x0000, 0x0000, 0x0000, 0x0000, 0x0000, 0x0000, 0x0000, 0x0000, 0x0000,
    0x0000, 0x0000, 0x0000, 0x0000, 0x0000, 0x0000, 0x0000, 0x0000, 0x0000, 0x0000, 0x0000, 0x0000, 0x0000, 0x0000, 0x0000, 0x0000,
    0x0000, 0x0000, 0x0000, 0x0000, 0x0000, 0x0000, 0x0000, 0x0000, 0x0000, 0x0000, 0x0000, 0x0000, 0x0000, 0x0000, 0x0000, 0x0000,
    0x0000, 0x0000, 0x0000, 0x0000, 0x0000, 0x0000, 0x0000, 0x0000, 0x0000, 0x0000, 0x0000, 0x0000, 0x0000, 0x0000, 0x0000, 0x0000,
    0x0000, 0x0000, 0x0000, 0x0000, 0x0000, 0x0000, 0x0000, 0x0000, 0x0000, 0x0000, 0x0000, 0x0000, 0x0000, 0x0000, 0x0000, 0x0000,
    0x0000, 0x0000, 0x0000, 0x0000, 0x0000, 0x0000, 0x0000, 0x0000, 0x0000, 0x0000, 0x0000, 0x0000, 0x0000, 0x0000, 0x0000, 0x0000,
    0x0000, 0x0000, 0x0000, 0x0000, 0x0000, 0x0000, 0x0000, 0x0000, 0x0000, 0x0000, 0x0000, 0x0000, 0x0000, 0x0000, 0x0000, 0x0000,
    0x0000, 0x0000, 0x0000, 0x0000, 0x0000, 0x0000, 0x0000, 0x0000, 0x0000, 0x0000, 0x0000, 0x0000, 0x0000, 0x0000, 0x0000, 0x0000,
    0x0000, 0x0000, 0x0000, 0x0000, 0x0000, 0x0000, 0x0000, 0x0000, 0x0000, 0x0000, 0x0000, 0x0000, 0x0000, 0x0000, 0x0000, 0x0000,
    0x0000, 0x0000, 0x0000, 0x0000, 0x0000, 0x0000, 0x0000, 0x0000, 0x0000, 0x0000, 0x0000, 0x0000, 0x0000, 0x0000, 0x0000, 0x0000,
    0x0000, 0x0000, 0x0000, 0x0000, 0x0000, 0x0000, 0x0000, 0x0000, 0x0000, 0x0000, 0x0000, 0x0000, 0x0000, 0x0000, 0x0000, 0x0000,
    0x0000, 0x0000, 0x0000, 0x0000, 0x0000, 0x0000, 0x0000, 0x0000, 0x0000, 0x0000, 0x0000, 0x0000, 0x0000, 0x0000, 0x0000, 0x0000,
    0x0000, 0x0000, 0x0000, 0x0000, 0x0000, 0x0000, 0x0000, 0x0000, 0x0000, 0x0000, 0x0000, 0x0000, 0x0000, 0x0000, 0x0000, 0x0000,
    0x0000, 0x0000, 0x0000, 0x0000, 0x0000, 0x0000, 0x0000, 0x0000, 0x0000, 0x0000, 0x0000, 0x0000, 0x0000, 0x0000, 0x0000, 0x0000,
    0x0000, 0x0000, 0x0000, 0x0000, 0x0000, 0x0000, 0x0000, 0x0000, 0x0000, 0x0000, 0x0000, 0x0000, 0x0000, 0x0000, 0x0000, 0x0000,
    0x0000, 0x0000, 0x0000, 0x0000, 0x0000, 0x0000, 0x0000, 0x0000, 0x0000, 0x0000, 0x0000, 0x0000, 0x0000, 0x0000, 0x0000, 0x0000,
    0x0000, 0x0000, 0x0000, 0x0000, 0x0000, 0x0000, 0x0000, 0x0000, 0x0000, 0x0000, 0x0000, 0x0000, 0x0000, 0x0000, 0x0000, 0x0000,
    0x0000, 0x0000, 0x0000, 0x0000, 0x0000, 0x0000, 0x0000, 0x0000, 0x0000, 0x0000, 0x0000, 0x0000, 0x0000, 0x0000, 0x0000, 0x0000,
    0x0000, 0x0000, 0x0000, 0x0000, 0x0000, 0x0000, 0x0000, 0x0000, 0x0000, 0x0000, 0x0000, 0x0000, 0x0000, 0x0000, 0x0000, 0x0000,
    0x0000, 0x0000, 0x0000, 0x0000, 0x0000, 0x0000, 0x0000, 0x0000, 0x0000, 0x0000, 0x0000, 0x0000, 0x0000, 0x0000, 0x0000, 0x0000,
    0x0000, 0x0000, 0x0000, 0x0000, 0x0000, 0x0000, 0x0000, 0x0000, 0x0000, 0x0000, 0x0000, 0x0000, 0x0000, 0x0000, 0x0000, 0x0000,
    0x0000, 0x0000, 0x0000, 0x0000, 0x0000, 0x0000, 0x0000, 0x0000, 0x0000, 0x0000, 0x0000, 0x0000, 0x0000, 0x0000, 0x0000, 0x0000,
    0x0000, 0x0000, 0x0000, 0x0000, 0x0000, 0x0000, 0x0000, 0x0000, 0x0000, 0x0000, 0x0000, 0x0000, 0x0000, 0x0000, 0x0000, 0x0000,
    0x0000, 0x0000, 0x0000, 0x0000, 0x0000, 0x0000, 0x0000, 0x0000, 0x0000, 0x0000, 0x0000, 0x0000, 0x0000, 0x0000, 0x0000, 0x0000,
    0x0000, 0x0000, 0x0000, 0x0000, 0x0000, 0x0000, 0x0000, 0x0000, 0x0000, 0x0000, 0x0000, 0x0000, 0x0000, 0x0000, 0x0000, 0x0000,
    0x0000, 0x0000, 0x0000, 0x0000, 0x0000, 0x0000, 0x0000, 0x0000, 0x0000, 0x0000, 0x0000, 0x0000, 0x0000, 0x0000, 0x0000, 0x0000,
    0x0000, 0x0000, 0x0000, 0x0000, 0x0000, 0x0000, 0x0000, 0x0000, 0x0000, 0x0000, 0x0000, 0x0000, 0x0000, 0x0000, 0x0000, 0x0000,
    0x0000, 0x0000, 0x0000, 0x0000, 0x0000, 0x0000, 0x0000, 0x0000, 0x0000, 0x0000, 0x0000, 0x0000, 0x0000, 0x0000, 0x0000, 0x0000,
    0x0000, 0x0000, 0x0000, 0x0000, 0x0000, 0x0000, 0x0000, 0x0000, 0x0000, 0x0000, 0x0000, 0x0000, 0x0000, 0x0000, 0x0000, 0x0000,
    0x0000, 0x0000, 0x0000, 0x0000, 0x0000, 0x0000, 0x0000, 0x0000, 0x0000, 0x0000, 0x0000, 0x0000, 0x0000, 0x0000, 0x0000, 0x0000,
    0x0000, 0x0000, 0x0000, 0x0000, 0x0000, 0x0000, 0x0000, 0x0000, 0x0000, 0x0000, 0x0000, 0x0000, 0x0000, 0x0000, 0x0000, 0x0000,
    0x0000, 0x0000, 0x0000, 0x0000, 0x0000, 0x0000, 0x0000, 0x0000, 0x0000, 0x0000, 0x0000, 0x0000, 0x0000, 0x0000, 0x0000, 0x0000,
    0x0000, 0x0000, 0x0000, 0x0000, 0x0000, 0x0000, 0x0000, 0x0000, 0x0000, 0x0000, 0x0000, 0x0000, 0x0000, 0x0000, 0x0000, 0x0000,
    0x0000, 0x0000, 0x0000, 0x0000, 0x0000, 0x0000, 0x0000, 0x0000, 0x0000, 0x0000, 0x0000, 0x0000, 0x0000, 0x0000, 0x0000, 0x0000,
    0x0000, 0x0000, 0x0000, 0x0000, 0x0000, 0x0000, 0x0000, 0x0000, 0x0000, 0x0000, 0x0000, 0x0000, 0x0000, 0x0000, 0x0000, 0x0000,
    0x0000, 0x0000, 0x0000, 0x0000, 0x0000, 0x0000, 0x0000, 0x0000, 0x0000, 0x0000, 0x0000, 0x0000, 0x0000, 0x0000, 0x0000, 0x0000,
    0x0000, 0x0000, 0x0000, 0x0000, 0x0000, 0x0000, 0x0000, 0x0000, 0x0000, 0x0000, 0x0000, 0x0000, 0x0000, 0x0000, 0x0000, 0x0000,
    0x0000, 0x0000, 0x0000, 0x0000, 0x0000, 0x0000, 0x0000, 0x0000, 0x0000, 0x0000, 0x0000, 0x0000, 0x0000, 0x0000, 0x0000, 0x0000,
    0x0000, 0x0000, 0x0000, 0x0000, 0x0000, 0x0000, 0x0000, 0x0000, 0x0000, 0x0000, 0x0000, 0x0000, 0x0000, 0x0000, 0x0000, 0x0000,
    0x0000, 0x0000, 0x0000, 0x0000, 0x0000, 0x0000, 0x0000, 0x0000, 0x0000, 0x0000, 0x0000, 0x0000, 0x0000, 0x0000, 0x0000, 0x0000,
    0x0000, 0x0000, 0x0000, 0x0000, 0x0000, 0x0000, 0x0000, 0x0000, 0x0000, 0x0000, 0x0000, 0x0000, 0x0000, 0x0000, 0x0000, 0x0000,
    0x0000, 0x0000, 0x0000, 0x0000, 0x0000, 0x0000, 0x0000, 0x0000, 0x0000, 0x0000, 0x0000, 0x0000, 0x0000, 0x0000, 0x0000, 0x0000,
    0x0000, 0x0000, 0x0000, 0x0000, 0x0000, 0x0000, 0x0000, 0x0000, 0x0000, 0x0000, 0x0000, 0x0000, 0x0000, 0x0000, 0x0000, 0x0000,
    0x0000, 0x0000, 0x0000, 0x0000, 0x0000, 0x0000, 0x0000, 0x0000, 0x0000, 0x0000, 0x0000, 0x0000, 0x0000, 0x0000, 0x0000, 0x0000,
    0x0000, 0x0000, 0x0000, 0x0000, 0x0000, 0x0000, 0x0000, 0x0000, 0x0000, 0x0000, 0x0000, 0x0000, 0x0000, 0x0000, 0x0000, 0x0000,
    0x0000, 0x0000, 0x0000, 0x0000, 0x0000, 0x0000, 0x0000, 0x0000, 0x0000, 0x0000, 0x0000, 0x0000, 0x0000, 0x0000, 0x0000, 0x0000,
    0x0000, 0x0000, 0x0000, 0x0000, 0x0000, 0x0000, 0x0000, 0x0000, 0x0000, 0x0000, 0x0000, 0x0000, 0x0000, 0x0000, 0x0000, 0x0000,
    0x0000, 0x0000, 0x0000, 0x0000, 0x0000, 0x0000, 0x0000, 0x0000, 0x0000, 0x0000, 0x0000, 0x0000, 0x0000, 0x0000, 0x0000, 0x0000,
    0x0000, 0x0000, 0x0000, 0x0000, 0x0000, 0x0000, 0x0000, 0x0000, 0x0000, 0x0000, 0x0000, 0x0000, 0x0000, 0x0000, 0x0000, 0x0000,
    0x0000, 0x0000, 0x0000, 0x0000, 0x0000, 0x0000, 0x0000, 0x0000, 0x0000, 0x0000, 0x0000, 0x0000, 0x0000, 0x0000, 0x0000, 0x0000,
    0x0000, 0x0000, 0x0000, 0x0000, 0x0000, 0x0000, 0x0000, 0x0000, 0x0000, 0x0000, 0x0000, 0x0000, 0x0000, 0x0000, 0x0000, 0x0000,
    0x0000, 0x0000, 0x0000, 0x0000, 0x0000, 0x0000, 0x0000, 0x0000, 0x0000, 0x0000, 0x0000, 0x0000, 0x0000, 0x0000, 0x0000, 0x0000,
    0x0000, 0x0000, 0x0000, 0x0000, 0x0000, 0x0000, 0x0000, 0x0000, 0x0000, 0x0000, 0x0000, 0x0000, 0x0000, 0x0000, 0x0000, 0x0000,
    0x0000, 0x0000, 0x0000, 0x0000, 0x0000, 0x0000, 0x0000, 0x0000, 0x0000, 0x0000, 0x0000, 0x0000, 0x0000, 0x0000, 0x0000, 0x0000,
    0x0000, 0x0000, 0x0000, 0x0000, 0x0000, 0x0000, 0x0000, 0x0000, 0x0000, 0x0000, 0x0000, 0x0000, 0x0000, 0x0000, 0x0000, 0x0000,
    0x0000, 0x0000, 0x0000, 0x0000, 0x0000, 0x0000, 0x0000, 0x0000, 0x0000, 0x0000, 0x0000, 0x0000, 0x0000, 0x0000, 0x0000, 0x0000,
    0x0000, 0x0000, 0x0000, 0x0000, 0x0000, 0x0000, 0x0000, 0x0000, 0x0000, 0x0000, 0x0000, 0x0000, 0x0000, 0x0000, 0x0000, 0x0000,
    0x0000, 0x0000, 0x0000, 0x0000, 0x0000, 0x0000, 0x0000, 0x0000, 0x0000, 0x0000, 0x0000, 0x0000, 0x0000, 0x0000, 0x0000, 0x0000,
    0x0000, 0x0000, 0x0000, 0x0000, 0x0000, 0x0000, 0x0000, 0x0000, 0x0000, 0x0000, 0x0000, 0x0000, 0x0000, 0x0000, 0x0000, 0x0000,
    0x0000, 0x0000, 0x0000, 0x0000, 0x0000, 0x0000, 0x0000, 0x0000, 0x0000, 0x0000, 0x0000, 0x0000, 0x0000, 0x0000, 0x0000, 0x0000,
    0x0000, 0x0000, 0x0000, 0x0000, 0x0000, 0x0000, 0x0000, 0x0000, 0x0000, 0x0000, 0x0000, 0x0000, 0x0000, 0x0000, 0x0000, 0x0000,
    0x0000, 0x0000, 0x0000, 0x0000, 0x0000, 0x0000, 0x0000, 0x0000, 0x0000, 0x0000, 0x0000, 0x0000, 0x0000, 0x0000, 0x0000, 0x0000,
    0x0000, 0x0000, 0x0000, 0x0000, 0x0000, 0x0000, 0x0000, 0x0000, 0x0000, 0x0000, 0x0000, 0x0000, 0x0000, 0x0000, 0x0000, 0x0000,
    0x0000, 0x0000, 0x0000, 0x0000, 0x0000, 0x0000, 0x0000, 0x0000, 0x0000, 0x0000, 0x0000, 0x0000, 0x0000, 0x0000, 0x0000, 0x0000,
    0x0000, 0x0000, 0x0000, 0x0000, 0x0000, 0x0000, 0x0000, 0x0000, 0x0000, 0x0000, 0x0000, 0x0000, 0x0000, 0x0000, 0x0000, 0x0000,
    0x0000, 0x0000, 0x0000, 0x0000, 0x0000, 0x0000, 0x0000, 0x0000, 0x0000, 0x0000, 0x0000, 0x0000, 0x0000, 0x0000, 0x0000, 0x0000,
    0x0000, 0x0000, 0x0000, 0x0000, 0x0000, 0x0000, 0x0000, 0x0000, 0x0000, 0x0000, 0x0000, 0x0000, 0x0000, 0x0000, 0x0000, 0x0000,
    0x0000, 0x0000, 0x0000, 0x0000, 0x0000, 0x0000, 0x0000, 0x0000, 0x0000, 0x0000, 0x0000, 0x0000, 0x0000, 0x0000, 0x0000, 0x0000,
    0x0000, 0x0000, 0x0000, 0x0000, 0x0000, 0x0000, 0x0000, 0x0000, 0x0000, 0x0000, 0x0000, 0x0000, 0x0000, 0x0000, 0x0000, 0x0000,
    0x0000, 0x0000, 0x0000, 0x0000, 0x0000, 0x0000, 0x0000, 0x0000, 0x0000, 0x0000, 0x0000, 0x0000, 0x0000, 0x0000, 0x0000, 0x0000,
    0x0000, 0x0000, 0x0000, 0x0000, 0x0000, 0x0000, 0x0000, 0x0000, 0x0000, 0x0000, 0x0000, 0x0000, 0x0000, 0x0000, 0x0000, 0x0000,
    0x0000, 0x0000, 0x0000, 0x0000, 0x0000, 0x0000, 0x0000, 0x0000, 0x0000, 0x0000, 0x0000, 0x0000, 0x0000, 0x0000, 0x0000, 0x0000,
    0x0000, 0x0000, 0x0000, 0x0000, 0x0000, 0x0000, 0x0000, 0x0000, 0x0000, 0x0000, 0x0000, 0x0000, 0x0000, 0x0000, 0x0000, 0x0000,
    0x0000, 0x0000, 0x0000, 0x0000, 0x0000, 0x0000, 0x0000, 0x0000, 0x0000, 0x0000, 0x0000, 0x0000, 0x0000, 0x0000, 0x0000, 0x0000,
    0x0000, 0x0000, 0x0000, 0x0000, 0x0000, 0x0000, 0x0000, 0x0000, 0x0000, 0x0000, 0x0000, 0x0000, 0x0000, 0x0000, 0x0000, 0x0000,
    0x0000, 0x0000, 0x0000, 0x0000, 0x0000, 0x0000, 0x0000, 0x0000, 0x0000, 0x0000, 0x0000, 0x0000, 0x0000, 0x0000, 0x0000, 0x0000,
    0x0000, 0x0000, 0x0000, 0x0000, 0x0000, 0x0000, 0x0000, 0x0000, 0x0000, 0x0000, 0x0000, 0x0000, 0x0000, 0x0000, 0x0000, 0x0000,
    0x0000, 0x0000, 0x0000, 0x0000, 0x0000, 0x0000, 0x0000, 0x0000, 0x0000, 0x0000, 0x0000, 0x0000, 0x0000, 0x0000, 0x0000, 0x0000,
    0x0000, 0x0000, 0x0000, 0x0000, 0x0000, 0x0000, 0x0000, 0x0000, 0x0000, 0x0000, 0x0000, 0x0000, 0x0000, 0x0000, 0x0000, 0x0000,
    0x0000, 0x0000, 0x0000, 0x0000, 0x0000, 0x0000, 0x0000, 0x0000, 0x0000, 0x0000, 0x0000, 0x0000, 0x0000, 0x0000, 0x0000, 0x0000,
    0x0000, 0x0000, 0x0000, 0x0000, 0x0000, 0x0000, 0x0000, 0x0000, 0x0000, 0x0000, 0x0000, 0x0000, 0x0000, 0x0000, 0x0000, 0x0000,
    0x0000, 0x0000, 0x0000, 0x0000, 0x0000, 0x0000, 0x0000, 0x0000, 0x0000, 0x0000, 0x0000, 0x0000, 0x0000, 0x0000, 0x0000, 0x0000,
    0x0000, 0x0000, 0x0000, 0x0000, 0x0000, 0x0000, 0x0000, 0x0000, 0x0000, 0x0000, 0x0000, 0x0000, 0x0000, 0x0000, 0x0000, 0x0000,
    0x0000, 0x0000, 0x0000, 0x0000, 0x0000, 0x0000, 0x0000, 0x0000, 0x0000, 0x0000, 0x0000, 0x0000, 0x0000, 0x0000, 0x0000, 0x0000,
    0x0000, 0x0000, 0x0000, 0x0000, 0x0000, 0x0000, 0x0000, 0x0000, 0x0000, 0x0000, 0x0000, 0x0000, 0x0000, 0x0000, 0x0000, 0x0000,
    0x0000, 0x0000, 0x0000, 0x0000, 0x0000, 0x0000, 0x0000, 0x0000, 0x0000, 0x0000, 0x0000, 0x0000, 0x0000, 0x0000, 0x0000, 0x0000,
    0x0000, 0x0000, 0x0000, 0x0000, 0x0000, 0x0000, 0x0000, 0x0000, 0x0000, 0x0000, 0x0000, 0x0000, 0x0000, 0x0000, 0x0000, 0x0000,
    0x0000, 0x0000, 0x0000, 0x0000, 0x0000, 0x0000, 0x0000, 0x0000, 0x0000, 0x0000, 0x0000, 0x0000, 0x0000, 0x0000, 0x0000, 0x0000,
    0x0000, 0x0000, 0x0000, 0x0000, 0x0000, 0x0000, 0x0000, 0x0000, 0x0000, 0x0000, 0x0000, 0x0000, 0x0000, 0x0000, 0x0000, 0x0000,
    0x0000, 0x0000, 0x0000, 0x0000, 0x0000, 0x0000, 0x0000, 0x0000, 0x0000, 0x0000, 0x0000, 0x0000, 0x0000, 0x0000, 0x0000, 0x0000,
    0x0000, 0x0000, 0x0000, 0x0000, 0x0000, 0x0000, 0x0000, 0x0000, 0x0000, 0x0000, 0x0000, 0x0000, 0x0000, 0x0000, 0x0000, 0x0000,
    0x0000, 0x0000, 0x0000, 0x0000, 0x0000, 0x0000, 0x0000, 0x0000, 0x0000, 0x0000, 0x0000, 0x0000, 0x0000, 0x0000, 0x0000, 0x0000,
    0x0000, 0x0000, 0x0000, 0x0000, 0x0000, 0x0000, 0x0000, 0x0000, 0x0000, 0x0000, 0x0000, 0x0000, 0x0000, 0x0000, 0x0000, 0x0000,
    0x0000, 0x0000, 0x0000, 0x0000, 0x0000, 0x0000, 0x0000, 0x0000, 0x0000, 0x0000, 0x0000, 0x0000, 0x0000, 0x0000, 0x0000, 0x0000,
    0x0000, 0x0000, 0x0000, 0x0000, 0x0000, 0x0000, 0x0000, 0x0000, 0x0000, 0x0000, 0x0000, 0x0000, 0x0000, 0x0000, 0x0000, 0x0000,
    0x0000, 0x0000, 0x0000, 0x0000, 0x0000, 0x0000, 0x0000, 0x0000, 0x0000, 0x0000, 0x0000, 0x0000, 0x0000, 0x0000, 0x0000, 0x0000,
    0x0000, 0x0000, 0x0000, 0x0000, 0x0000, 0x0000, 0x0000, 0x0000, 0x0000, 0x0000, 0x0000, 0x0000, 0x0000, 0x0000, 0x0000, 0x0000,
    0x0000, 0x0000, 0x0000, 0x0000, 0x0000, 0x0000, 0x0000, 0x0000, 0x0000, 0x0000, 0x0000, 0x0000, 0x0000, 0x0000, 0x0000, 0x0000,
    0x0000, 0x0000, 0x0000, 0x0000, 0x0000, 0x0000, 0x0000, 0x0000, 0x0000, 0x0000, 0x0000, 0x0000, 0x0000, 0x0000, 0x0000, 0x0000,
    0x0000, 0x0000, 0x0000, 0x0000, 0x0000, 0x0000, 0x0000, 0x0000, 0x0000, 0x0000, 0x0000, 0x0000, 0x0000, 0x0000, 0x0000, 0x0000,
    0x0000, 0x0000, 0x0000, 0x0000, 0x0000, 0x0000, 0x0000, 0x0000, 0x0000, 0x0000, 0x0000, 0x0000, 0x0000, 0x0000, 0x0000, 0x0000,
    0x0000, 0x0000, 0x0000, 0x0000, 0x0000, 0x0000, 0x0000, 0x0000, 0x0000, 0x0000, 0x0000, 0x0000, 0x0000, 0x0000, 0x0000, 0x0000,
    0x0000, 0x0000, 0x0000, 0x0000, 0x0000, 0x0000, 0x0000, 0x0000, 0x0000, 0x0000, 0x0000, 0x0000, 0x0000, 0x0000, 0x0000, 0x0000,
    0x0000, 0x0000, 0x0000, 0x0000, 0x0000, 0x0000, 0x0000, 0x0000, 0x0000, 0x0000, 0x0000, 0x0000, 0x0000, 0x0000, 0x0000, 0x0000,
    0x0000, 0x0000, 0x0000, 0x0000, 0x0000, 0x0000, 0x0000, 0x0000, 0x0000, 0x0000, 0x0000, 0x0000, 0x0000, 0x0000, 0x0000, 0x0000,
    0x0000, 0x0000, 0x0000, 0x0000, 0x0000, 0x0000, 0x0000, 0x0000, 0x0000, 0x0000, 0x0000, 0x0000, 0x0000, 0x0000, 0x0000, 0x0000,
    0x0000, 0x0000, 0x0000, 0x0000, 0x0000, 0x0000, 0x0000, 0x0000, 0x0000, 0x0000, 0x0000, 0x0000, 0x0000, 0x0000, 0x0000, 0x0000,
    0x0000, 0x0000, 0x0000, 0x0000, 0x0000, 0x0000, 0x0000, 0x0000, 0x0000, 0x0000, 0x0000, 0x0000, 0x0000, 0x0000, 0x0000, 0x0000,
    0x0000, 0x0000, 0x0000, 0x0000, 0x0000, 0x0000, 0x0000, 0x0000, 0x0000, 0x0000, 0x0000, 0x0000, 0x0000, 0x0000, 0x0000, 0x0000,
    0x0000, 0x0000, 0x0000, 0x0000, 0x0000, 0x0000, 0x0000, 0x0000, 0x0000, 0x0000, 0x0000, 0x0000, 0x0000, 0x0000, 0x0000, 0x0000,
    0x0000, 0x0000, 0x0000, 0x0000, 0x0000, 0x0000, 0x0000, 0x0000, 0x0000, 0x0000, 0x0000, 0x0000, 0x0000, 0x0000, 0x0000, 0x0000,
    0x0000, 0x0000, 0x0000, 0x0000, 0x0000, 0x0000, 0x0000, 0x0000, 0x0000, 0x0000, 0x0000, 0x0000, 0x0000, 0x0000, 0x0000, 0x0000,
    0x0000, 0x0000, 0x0000, 0x0000, 0x0000, 0x0000, 0x0000, 0x0000, 0x0000, 0x0000, 0x0000, 0x0000, 0x0000, 0x0000, 0x0000, 0x0000,
    0x0000, 0x0000, 0x0000, 0x0000, 0x0000, 0x0000, 0x0000, 0x0000, 0x0000, 0x0000, 0x0000, 0x0000, 0x0000, 0x0000, 0x0000, 0x0000,
    0x0000, 0x0000, 0x0000, 0x0000, 0x0000, 0x0000, 0x0000, 0x0000, 0x0000, 0x0000, 0x0000, 0x0000, 0x0000, 0x0000, 0x0000, 0x0000,
    0x0000, 0x0000, 0x0000, 0x0000, 0x0000, 0x0000, 0x0000, 0x0000, 0x0000, 0x0000, 0x0000, 0x0000, 0x0000, 0x0000, 0x0000, 0x0000,
    0x0000, 0x0000, 0x0000, 0x0000, 0x0000, 0x0000, 0x0000, 0x0000, 0x0000, 0x0000, 0x0000, 0x0000, 0x0000, 0x0000, 0x0000, 0x0000,
    0x0000, 0x0000, 0x0000, 0x0000, 0x0000, 0x0000, 0x0000, 0x0000, 0x0000, 0x0000, 0x0000, 0x0000, 0x0000, 0x0000, 0x0000, 0x0000,
    0x0000, 0x0000, 0x0000, 0x0000, 0x0000, 0x0000, 0x0000, 0x0000, 0x0000, 0x0000, 0x0000, 0x0000, 0x0000, 0x0000, 0x0000, 0x0000,
    0x0000, 0x0000, 0x0000, 0x0000, 0x0000, 0x0000, 0x0000, 0x0000, 0x0000, 0x0000, 0x0000, 0x0000, 0x0000, 0x0000, 0x0000, 0x0000,
    0x0000, 0x0000, 0x0000, 0x0000, 0x0000, 0x0000, 0x0000, 0x0000, 0x0000, 0x0000, 0x0000, 0x0000, 0x0000, 0x0000, 0x0000, 0x0000,
    0x0000, 0x0000, 0x0000, 0x0000, 0x0000, 0x0000, 0x0000, 0x0000, 0x0000, 0x0000, 0x0000, 0x0000, 0x0000, 0x0000, 0x0000, 0x0000,
    0x0000, 0x0000, 0x0000, 0x0000, 0x0000, 0x0000, 0x0000, 0x0000, 0x0000, 0x0000, 0x0000, 0x0000, 0x0000, 0x0000, 0x0000, 0x0000,
    0x0000, 0x0000, 0x0000, 0x0000, 0x0000, 0x0000, 0x0000, 0x0000, 0x0000, 0x0000, 0x0000, 0x0000, 0x0000, 0x0000, 0x0000, 0x0000,
    0x0000, 0x0000, 0x0000, 0x0000, 0x0000, 0x0000, 0x0000, 0x0000, 0x0000, 0x0000, 0x0000, 0x0000, 0x0000, 0x0000, 0x0000, 0x0000,
    0x0000, 0x0000, 0x0000, 0x0000, 0x0000, 0x0000, 0x0000, 0x0000, 0x0000, 0x0000, 0x0000, 0x0000, 0x0000, 0x0000, 0x0000, 0x0000,
    0x0000, 0x0000, 0x0000, 0x0000, 0x0000, 0x0000, 0x0000, 0x0000, 0x0000, 0x0000, 0x0000, 0x0000, 0x0000, 0x0000, 0x0000, 0x0000,
    0x0000, 0x0000, 0x0000, 0x0000, 0x0000, 0x0000, 0x0000, 0x0000, 0x0000, 0x0000, 0x0000, 0x0000, 0x0000, 0x0000, 0x0000, 0x0000,
    0x0000, 0x0000, 0x0000, 0x0000, 0x0000, 0x0000, 0x0000, 0x0000, 0x0000, 0x0000, 0x0000, 0x0000, 0x0000, 0xFFFF, 0x8A52, 0x0000,
    0x0000, 0x0000, 0x0000, 0x0000, 0x0000, 0x0000, 0x0000, 0x0000, 0x0000, 0x0000, 0x0000, 0x0000, 0x0000, 0x0000, 0x0000, 0x0000,
    0x0000, 0x0000, 0x0000, 0x0000, 0x0000, 0x0000, 0x0000, 0x0000, 0x0000, 0x0000, 0x0000, 0x0000, 0x0000, 0x0000, 0x0000, 0x0000,
    0x0000, 0x0000, 0x0000, 0x0000, 0x0000, 0x0000, 0x0000, 0x0000, 0x0000, 0x0000, 0x0000, 0x0000, 0x0000, 0x0000, 0x0000, 0x0000,
    0x0000, 0x0000, 0x0000, 0x0000, 0x0000, 0x0000, 0x0000, 0x0000, 0x0000, 0x0000, 0x0000, 0x0000, 0x0000, 0x0000, 0x0000, 0x0000,
    0x0000, 0x0000, 0x0000, 0x0000, 0x0000, 0x0000, 0x0000, 0x0000, 0x0000, 0x0000, 0x0000, 0x0000, 0x0000, 0x0000, 0x0000, 0x0000,
    0x0000, 0x0000, 0x0000, 0x0000, 0x0000, 0x0000, 0x0000, 0x0000, 0x0000, 0x0000, 0x0000, 0x0000, 0x0000, 0x0000, 0x0000, 0x0000,
    0x0000, 0x0000, 0x0000, 0x0000, 0x0000, 0x0000, 0x0000, 0x0000, 0x0000, 0x0000, 0x0000, 0x0000, 0x0000, 0x0000, 0x0000, 0x0000,
    0x0000, 0x0000, 0x0000, 0x0000, 0x0000, 0x0000, 0x0000, 0x0000, 0x0000, 0x0000, 0x0000, 0x0000, 0x0000, 0x0000, 0x0000, 0x0000,
    0x0000, 0x0000, 0x0000, 0x0000, 0x0000, 0x0000, 0x0000, 0x0000, 0x4529, 0xAB5A, 0x0000, 0x0000, 0x0000, 0x0000, 0x0000, 0x0000,
    0x0000, 0x0000, 0x0000, 0x0000, 0x0000, 0x0000, 0x0000, 0x0000, 0x0000, 0x0000, 0x0000, 0x0000, 0x0000, 0x0000, 0x0000, 0x0000,
    0x0000, 0x0000, 0x0000, 0x0000, 0x0000, 0xDEF7, 0xEC62, 0x0000, 0x0000, 0x0000, 0x0000, 0x0000, 0x0000, 0x0000, 0x0000, 0x0000,
    0x0000, 0x0000, 0x0000, 0x0000, 0x0000, 0x0000, 0x0000, 0x0000, 0x0000, 0x0000, 0x0000, 0x0000, 0x0000, 0x0000, 0x0000, 0x0000,
    0x0000, 0x0000, 0x0000, 0x0000, 0x0000, 0x0000, 0x0000, 0x0000, 0x0000, 0x0000, 0x0000, 0x0000, 0x0000, 0x0000, 0x0000, 0x0000,
    0x0000, 0x0000, 0x0000, 0x0000, 0x0000, 0x0000, 0x0000, 0x0000, 0x0000, 0x0000, 0x0000, 0x0000, 0x0000, 0x0000, 0x0000, 0x0000,
    0x0000, 0x0000, 0x0000, 0x0000, 0x0000, 0x0000, 0x0000, 0x0000, 0x0000, 0x0000, 0x0000, 0x0000, 0x0000, 0x0000, 0x0000, 0x0000,
    0x0000, 0x0000, 0x0000, 0x0000, 0x0000, 0x0000, 0x0000, 0x0000, 0x0000, 0x0000, 0x0000, 0x0000, 0x0000, 0x0000, 0x0000, 0x0000,
    0x0000, 0x0000, 0x0000, 0x0000, 0x0000, 0x0000, 0x0000, 0x0000, 0x0000, 0x0000, 0x0000, 0x0000, 0x0000, 0x0000, 0x0000, 0x0000,
    0x0000, 0x0000, 0x0000, 0x0000, 0x0000, 0x0000, 0x0000, 0x0000, 0x0000, 0x0000, 0x0000, 0x0000, 0x0000, 0x0000, 0x0000, 0x0000,
    0x0000, 0x0000, 0x0000, 0x0000, 0x0000, 0x0000, 0x0000, 0x0000, 0x0000, 0x0000, 0x0000, 0x0000, 0x0000, 0x0000, 0x0000, 0x0000,
    0x8E73, 0x1CE7, 0x0000, 0x0000, 0x0000, 0x0000, 0x0000, 0x0000, 0x0000, 0x0000, 0x0000, 0x0000, 0x0000, 0x0000, 0x0000, 0x0000,
    0x0000, 0x0000, 0x0000, 0x0000, 0x0000, 0x0000, 0x0000, 0x0000, 0x0000, 0x0000, 0x0000, 0x0000, 0x0000, 0xDEF7, 0x4D6B, 0x0000,
    0x0000, 0x0000, 0x0000, 0x0000, 0x0000, 0x0000, 0x0000, 0x0000, 0x0000, 0x0000, 0x0000, 0x0000, 0x0000, 0x0000, 0x0000, 0x0000,
    0x0000, 0x0000, 0x0000, 0x0000, 0x0000, 0x0000, 0x0000, 0x0000, 0x0000, 0x0000, 0x0000, 0x0000, 0x0000, 0x0000, 0x0000, 0x0000,
    0x0000, 0x0000, 0x0000, 0x0000, 0x0000, 0x0000, 0x0000, 0x0000, 0x0000, 0x0000, 0x0000, 0x0000, 0x0000, 0x0000, 0x0000, 0x0000,
    0x0000, 0x0000, 0x0000, 0x0000, 0x0000, 0x0000, 0x0000, 0x0000, 0x0000, 0x0000, 0x0000, 0x0000, 0x0000, 0x0000, 0x0000, 0x0000,
    0x0000, 0x0000, 0x0000, 0x0000, 0x0000, 0x0000, 0x0000, 0x0000, 0x0000, 0x0000, 0x0000, 0x0000, 0x0000, 0x0000, 0x0000, 0x0000,
    0x0000, 0x0000, 0x0000, 0x0000, 0x0000, 0x0000, 0x0000, 0x0000, 0x0000, 0x0000, 0x0000, 0x0000, 0x0000, 0x0000, 0x0000, 0x0000,
    0x0000, 0x0000, 0x0000, 0x0000, 0x0000, 0x0000, 0x0000, 0x0000, 0x0000, 0x0000, 0x0000, 0x0000, 0x0000, 0x0000, 0x0000, 0x0000,
    0x0000, 0x0000, 0x0000, 0x0000, 0x0000, 0x0000, 0x0000, 0x0000, 0x0000, 0x0000, 0x0000, 0x0000, 0x0000, 0x0000, 0x0000, 0x0000,
    0x0000, 0x0000, 0x0000, 0x0000, 0x0000, 0x0000, 0x0000, 0x75AD, 0xF7BD, 0x9EF7, 0x8E73, 0x6D6B, 0x0000, 0x0000, 0x6210, 0xEC62,
    0x9294, 0x8E73, 0x0421, 0x0000, 0x0000, 0x6108, 0xCF7B, 0x0000, 0x0000, 0x0000, 0xA631, 0xCF7B, 0x0000, 0x0000, 0x0000, 0xC739,
    0xCF7B, 0xEF7B, 0x2842, 0x0000, 0x0000, 0xDEF7, 0x4D6B, 0x294A, 0x9294, 0x4D6B, 0x0000, 0x0000, 0x0000, 0x0000, 0x2108, 0x0C63,
    0x9294, 0x4D6B, 0x0000, 0x0000, 0x0000, 0x0000, 0x0C63, 0x718C, 0x6D6B, 0xC318, 0x0000, 0x0000, 0x0000, 0x0000, 0x0000, 0x0000,
    0x0000, 0x0000, 0x0000, 0x0000, 0x0000, 0x0000, 0x0000, 0x0000, 0x0000, 0x0000, 0x0000, 0x0000, 0x0000, 0x0000, 0x0000, 0x0000,
    0x0000, 0x0000, 0x0000, 0x0000, 0x0000, 0x0000, 0x0000, 0x0000, 0x0000, 0x0000, 0x0000, 0x0000, 0x0000, 0x0000, 0x0000, 0x0000,
    0x0000, 0x0000, 0x0000, 0x0000, 0x0000, 0x0000, 0x0000, 0x0000, 0x0000, 0x0000, 0x0000, 0x0000, 0x0000, 0x0000, 0x0000, 0x0000,
    0x0000, 0x0000, 0x0000, 0x0000, 0x0000, 0x0000, 0x0000, 0x0000, 0x0000, 0x0000, 0x0000, 0x0000, 0x0000, 0x0000, 0x0000, 0x0000,
    0x0000, 0x0000, 0x0000, 0x0000, 0x0000, 0x0000, 0x0000, 0x0000, 0x0000, 0x0000, 0x0000, 0x0000, 0x0000, 0x0000, 0x0000, 0x0000,
    0x0000, 0x0000, 0x0000, 0x0000, 0x0000, 0x0000, 0x0000, 0x0000, 0x0000, 0x0000, 0x0000, 0x0000, 0x0000, 0x0000, 0x0000, 0x0000,
    0x0000, 0x0000, 0x0000, 0x0000, 0x0000, 0x0000, 0x0000, 0x0000, 0x0000, 0x0000, 0x0000, 0x0000, 0x0000, 0x0000, 0x0000, 0xDAD6,
    0xDBDE, 0xBEF7, 0xB6B5, 0x55AD, 0x0000, 0x2842, 0x3CE7, 0x96B5, 0x1084, 0xB6B5, 0xBEF7, 0xA631, 0x0000, 0x8631, 0xFFFF, 0xC318,
    0x0000, 0x0000, 0x0C63, 0x1CE7, 0x0000, 0x0000, 0xEC62, 0xFFFF, 0x34A5, 0x718C, 0xFFFF, 0x494A, 0x0000, 0xDEF7, 0x59CE, 0xBAD6,
    0x9294, 0xFFFF, 0x55AD, 0x0000, 0x0000, 0x4529, 0xBAD6, 0xB294, 0x1084, 0xFFFF, 0xD7BD, 0x0000, 0x0000, 0x34A5, 0xB6B5, 0xF39C,
    0xD39C, 0x4D6B, 0x0000, 0x0000, 0x0000, 0x0000, 0x0000, 0x0000, 0x0000, 0x0000, 0x0000, 0x0000, 0x0000, 0x0000, 0x0000, 0x0000,
    0x0000, 0x0000, 0x0000, 0x0000, 0x0000, 0x0000, 0x0000, 0x0000, 0x0000, 0x0000, 0x0000, 0x0000, 0x0000, 0x0000, 0x0000, 0x0000,
    0x0000, 0x0000, 0x0000, 0x0000, 0x0000, 0x0000, 0x0000, 0x0000, 0x0000, 0x0000, 0x0000, 0x0000, 0x0000, 0x0000, 0x0000, 0x0000,
    0x0000, 0x0000, 0x0000, 0x0000, 0x0000, 0x0000, 0x0000, 0x0000, 0x0000, 0x0000, 0x0000, 0x0000, 0x0000, 0x0000, 0x0000, 0x0000,
    0x0000, 0x0000, 0x0000, 0x0000, 0x0000, 0x0000, 0x0000, 0x0000, 0x0000, 0x0000, 0x0000, 0x0000, 0x0000, 0x0000, 0x0000, 0x0000,
    0x0000, 0x0000, 0x0000, 0x0000, 0x0000, 0x0000, 0x0000, 0x0000, 0x0000, 0x0000, 0x0000, 0x0000, 0x0000, 0x0000, 0x0000, 0x0000,
    0x0000, 0x0000, 0x0000, 0x0000, 0x0000, 0x0000, 0x0000, 0x0000, 0x0000, 0x0000, 0x0000, 0x0000, 0x0000, 0x0000, 0x0000, 0x0000,
    0x0000, 0x0000, 0x0000, 0x0000, 0x0000, 0x0000, 0x0000, 0x0000, 0x3084, 0x7DEF, 0x0000, 0x0000, 0x0000, 0xB6B5, 0x34A5, 0x0000,
    0x0000, 0x0000, 0x38C6, 0x34A5, 0x0000, 0x8631, 0xFFFF, 0xC318, 0x0000, 0x0000, 0x0C63, 0x1CE7, 0x0000, 0x2000, 0x5CE7, 0xEF7B,
    0x0000, 0x0000, 0x0421, 0x8210, 0x0000, 0xDEF7, 0x55AD, 0x0000, 0x0000, 0x6D6B, 0xFFFF, 0x2108, 0x0000, 0x96B5, 0xB294, 0x0000,
    0x0000, 0xE739, 0xFFFF, 0x2842, 0x0000, 0x9EF7, 0x4D6B, 0x0000, 0x0000, 0x0000, 0x0000, 0x0000, 0x0000, 0x0000, 0x0000, 0x0000,
    0x0000, 0x0000, 0x0000, 0x0000, 0x0000, 0x0000, 0x0000, 0x0000, 0x0000, 0x0000, 0x0000, 0x0000, 0x0000, 0x0000, 0x0000, 0x0000,
    0x0000, 0x0000, 0x0000, 0x0000, 0x0000, 0x0000, 0x0000, 0x0000, 0x0000, 0x0000, 0x0000, 0x0000, 0x0000, 0x0000, 0x0000, 0x0000,
    0x0000, 0x0000, 0x0000, 0x0000, 0x0000, 0x0000, 0x0000, 0x0000, 0x0000, 0x0000, 0x0000, 0x0000, 0x0000, 0x0000, 0x0000, 0x0000,
    0x0000, 0x0000, 0x0000, 0x0000, 0x0000, 0x0000, 0x0000, 0x0000, 0x0000, 0x0000, 0x0000, 0x0000, 0x0000, 0x0000, 0x0000, 0x0000,
    0x0000, 0x0000, 0x0000, 0x0000, 0x0000, 0x0000, 0x0000, 0x0000, 0x0000, 0x0000, 0x0000, 0x0000, 0x0000, 0x0000, 0x0000, 0x0000,
    0x0000, 0x0000, 0x0000, 0x0000, 0x0000, 0x0000, 0x0000, 0x0000, 0x0000, 0x0000, 0x0000, 0x0000, 0x0000, 0x0000, 0x0000, 0x0000,
    0x0000, 0x0000, 0x0000, 0x0000, 0x0000, 0x0000, 0x0000, 0x0000, 0x0000, 0x0000, 0x0000, 0x0000, 0x0000, 0x0000, 0x0000, 0x0000,
    0x3084, 0x1CE7, 0x0000, 0x0000, 0x0000, 0xBEF7, 0x0C63, 0x0000, 0x0000, 0x0000, 0x1084, 0xDBDE, 0x0000, 0x8631, 0xFFFF, 0xC318,
    0x0000, 0x0000, 0x0C63, 0x1CE7, 0x0000, 0x2421, 0xFFFF, 0xC739, 0x0000, 0x0000, 0x0000, 0x0000, 0x0000, 0xDEF7, 0x8A52, 0x0000,
    0x0000, 0xA631, 0xFFFF, 0xC318, 0x0000, 0x7DEF, 0x96B5, 0xAE73, 0xCF7B, 0xCF7B, 0xFFFF, 0x6D6B, 0x0000, 0x96B5, 0x9AD6, 0xCB5A,
    0x0000, 0x0000, 0x0000, 0x0000, 0x0000, 0x0000, 0x0000, 0x0000, 0x0000, 0x0000, 0x0000, 0x0000, 0x0000, 0x0000, 0x0000, 0x0000,
    0x0000, 0x0000, 0x0000, 0x0000, 0x0000, 0x0000, 0x0000, 0x0000, 0x0000, 0x0000, 0x0000, 0x0000, 0x0000, 0x0000, 0x0000, 0x0000,
    0x0000, 0x0000, 0x0000, 0x0000, 0x0000, 0x0000, 0x0000, 0x0000, 0x0000, 0x0000, 0x0000, 0x0000, 0x0000, 0x0000, 0x0000, 0x0000,
    0x0000, 0x0000, 0x0000, 0x0000, 0x0000, 0x0000, 0x0000, 0x0000, 0x0000, 0x0000, 0x0000, 0x0000, 0x0000, 0x0000, 0x0000, 0x0000,
    0x0000, 0x0000, 0x0000, 0x0000, 0x0000, 0x0000, 0x0000, 0x0000, 0x0000, 0x0000, 0x0000, 0x0000, 0x0000, 0x0000, 0x0000, 0x0000,
    0x0000, 0x0000, 0x0000, 0x0000, 0x0000, 0x0000, 0x0000, 0x0000, 0x0000, 0x0000, 0x0000, 0x0000, 0x0000, 0x0000, 0x0000, 0x0000,
    0x0000, 0x0000, 0x0000, 0x0000, 0x0000, 0x0000, 0x0000, 0x0000, 0x0000, 0x0000, 0x0000, 0x0000, 0x0000, 0x0000, 0x0000, 0x0000,
    0x0000, 0x0000, 0x0000, 0x0000, 0x0000, 0x0000, 0x0000, 0x0000, 0xEF7B, 0xDBDE, 0x0000, 0x0000, 0x8210, 0xFFFF, 0xAA52, 0x0000,
    0x0000, 0x0000, 0x8E73, 0x7DEF, 0x0000, 0x8631, 0xFFFF, 0xC318, 0x0000, 0x0000, 0x2C63, 0x1CE7, 0x0000, 0xC739, 0xFFFF, 0x6529,
    0x0000, 0x0000, 0x0000, 0x0000, 0x0000, 0xDEF7, 0x694A, 0x0000, 0x0000, 0x6529, 0xFFFF, 0xE318, 0x4108, 0xFFFF, 0x79CE, 0x96B5,
    0x55AD, 0x14A5, 0xD39C, 0xC739, 0x0000, 0x0000, 0xAE73, 0x5CE7, 0xFBDE, 0xC739, 0x0000, 0x0000, 0x0000, 0x0000, 0x0000, 0x0000,
    0x0000, 0x0000, 0x0000, 0x0000, 0x0000, 0x0000, 0x0000, 0x0000, 0x0000, 0x0000, 0x0000, 0x0000, 0x0000, 0x0000, 0x0000, 0x0000,
    0x0000, 0x0000, 0x0000, 0x0000, 0x0000, 0x0000, 0x0000, 0x0000, 0x0000, 0x0000, 0x0000, 0x0000, 0x0000, 0x0000, 0x0000, 0x0000,
    0x0000, 0x0000, 0x0000, 0x0000, 0x0000, 0x0000, 0x0000, 0x0000, 0x0000, 0x0000, 0x0000, 0x0000, 0x0000, 0x0000, 0x0000, 0x0000,
    0x0000, 0x0000, 0x0000, 0x0000, 0x0000, 0x0000, 0x0000, 0x0000, 0x0000, 0x0000, 0x0000, 0x0000, 0x0000, 0x0000, 0x0000, 0x0000,
    0x0000, 0x0000, 0x0000, 0x0000, 0x0000, 0x0000, 0x0000, 0x0000, 0x0000, 0x0000, 0x0000, 0x0000, 0x0000, 0x0000, 0x0000, 0x0000,
    0x0000, 0x0000, 0x0000, 0x0000, 0x0000, 0x0000, 0x0000, 0x0000, 0x0000, 0x0000, 0x0000, 0x0000, 0x0000, 0x0000, 0x0000, 0x0000,
    0x0000, 0x0000, 0x0000, 0x0000, 0x0000, 0x0000, 0x0000, 0x0000, 0x0000, 0x0000, 0x0000, 0x0000, 0x0000, 0x0000, 0x0000, 0x0000,
    0xAE73, 0xBAD6, 0x0000, 0x0000, 0x0000, 0x7DEF, 0xCF7B, 0x0000, 0x0000, 0x0000, 0x718C, 0x58C6, 0x0000, 0x2529, 0xFFFF, 0x4529,
    0x0000, 0x0000, 0xD294, 0x1CE7, 0x0000, 0xA318, 0xFFFF, 0x694A, 0x0000, 0x0000, 0x0000, 0x0000, 0x0000, 0xDEF7, 0x694A, 0x0000,
    0x0000, 0x6529, 0xFFFF, 0xE318, 0x0000, 0x1CE7, 0x8E73, 0x0000, 0x0000, 0x0000, 0x0000, 0x0000, 0x0000, 0x0000, 0x0000, 0x0000,
    0x34A5, 0xD7BD, 0x0000, 0x0000, 0x0000, 0x0000, 0x0000, 0x0000, 0x0000, 0x0000, 0x0000, 0x0000, 0x0000, 0x0000, 0x0000, 0x0000,
    0x0000, 0x0000, 0x0000, 0x0000, 0x0000, 0x0000, 0x0000, 0x0000, 0x0000, 0x0000, 0x0000, 0x0000, 0x0000, 0x0000, 0x0000, 0x0000,
    0x0000, 0x0000, 0x0000, 0x0000, 0x0000, 0x0000, 0x0000, 0x0000, 0x0000, 0x0000, 0x0000, 0x0000, 0x0000, 0x0000, 0x0000, 0x0000,
    0x0000, 0x0000, 0x0000, 0x0000, 0x0000, 0x0000, 0x0000, 0x0000, 0x0000, 0x0000, 0x0000, 0x0000, 0x0000, 0x0000, 0x0000, 0x0000,
    0x0000, 0x0000, 0x0000, 0x0000, 0x0000, 0x0000, 0x0000, 0x0000, 0x0000, 0x0000, 0x0000, 0x0000, 0x0000, 0x0000, 0x0000, 0x0000,
    0x0000, 0x0000, 0x0000, 0x0000, 0x0000, 0x0000, 0x0000, 0x0000, 0x0000, 0x0000, 0x0000, 0x0000, 0x0000, 0x0000, 0x0000, 0x0000,
    0x0000, 0x0000, 0x0000, 0x0000, 0x0000, 0x0000, 0x0000, 0x0000, 0x0000, 0x0000, 0x0000, 0x0000, 0x0000, 0x0000, 0x0000, 0x0000,
    0x0000, 0x0000, 0x0000, 0x0000, 0x0000, 0x0000, 0x0000, 0x0000, 0x0C63, 0xFFFF, 0x6529, 0x0421, 0x0000, 0x9294, 0x9AD6, 0x8A52,
    0x0000, 0x694A, 0x5DEF, 0xAB5A, 0x0000, 0x4108, 0x9EF7, 0x18C6, 0x0000, 0x1084, 0xFFFF, 0x1CE7, 0x0000, 0x0000, 0xB6B5, 0xDBDE,
    0xE420, 0x2108, 0x6D6B, 0x8A52, 0x0000, 0xDEF7, 0x694A, 0x0000, 0x0000, 0x6529, 0xFFFF, 0xE318, 0x0000, 0x518C, 0x79CE, 0x4529,
    0x0000, 0x0000, 0xCB5A, 0x2000, 0x2421, 0xCB5A, 0x0000, 0x0000, 0x59CE, 0x96B5, 0x0000, 0x0000, 0x0000, 0x0000, 0x0000, 0x0000,
    0x0000, 0x0000, 0x0000, 0x0000, 0x0000, 0x0000, 0x0000, 0x0000, 0x0000, 0x0000, 0x0000, 0x0000, 0x0000, 0x0000, 0x0000, 0x0000,
    0x0000, 0x0000, 0x0000, 0x0000, 0x0000, 0x0000, 0x0000, 0x0000, 0x0000, 0x0000, 0x0000, 0x0000, 0x0000, 0x0000, 0x0000, 0x0000,
    0x0000, 0x0000, 0x0000, 0x0000, 0x0000, 0x0000, 0x0000, 0x0000, 0x0000, 0x0000, 0x0000, 0x0000, 0x0000, 0x0000, 0x0000, 0x0000,
    0x0000, 0x0000, 0x0000, 0x0000, 0x0000, 0x0000, 0x0000, 0x0000, 0x0000, 0x0000, 0x0000, 0x0000, 0x0000, 0x0000, 0x0000, 0x0000,
    0x0000, 0x0000, 0x0000, 0x0000, 0x0000, 0x0000, 0x0000, 0x0000, 0x0000, 0x0000, 0x0000, 0x0000, 0x0000, 0x0000, 0x0000, 0x0000,
    0x0000, 0x0000, 0x0000, 0x0000, 0x0000, 0x0000, 0x0000, 0x0000, 0x0000, 0x0000, 0x0000, 0x0000, 0x0000, 0x0000, 0x0000, 0x0000,
    0x0000, 0x0000, 0x0000, 0x0000, 0x0000, 0x0000, 0x0000, 0x0000, 0x0000, 0x0000, 0x0000, 0x0000, 0x0000, 0x0000, 0x0000, 0x0000,
    0xA210, 0xBAD6, 0xFFFF, 0xFBDE, 0x0000, 0x6108, 0x14A5, 0xDFFF, 0xDEF7, 0x9EF7, 0xAE73, 0x0000, 0x0000, 0x0000, 0x4D6B, 0xBEF7,
    0xDFFF, 0xBAD6, 0x8E73, 0xFFFF, 0x0000, 0x0000, 0x2529, 0x38C6, 0xFFFF, 0xFFFF, 0x38C6, 0xE420, 0x0000, 0xFFFF, 0x694A, 0x0000,
    0x0000, 0x6529, 0xFFFF, 0xE318, 0x0000, 0x0000, 0x9294, 0xBEF7, 0xFBDE, 0xFFFF, 0xF7BD, 0x0421, 0xE318, 0xDAD6, 0xFFFF, 0x7DEF,
    0x58C6, 0x4529, 0x0000, 0x0000, 0x0000, 0x0000, 0x0000, 0x0000, 0x0000, 0x0000, 0x0000, 0x0000, 0x0000, 0x0000, 0x0000, 0x0000,
    0x0000, 0x0000, 0x0000, 0x0000, 0x0000, 0x0000, 0x0000, 0x0000, 0x0000, 0x0000, 0x0000, 0x0000, 0x0000, 0x0000, 0x0000, 0x0000,
    0x0000, 0x0000, 0x0000, 0x0000, 0x0000, 0x0000, 0x0000, 0x0000, 0x0000, 0x0000, 0x0000, 0x0000, 0x0000, 0x0000, 0x0000, 0x0000,
    0x0000, 0x0000, 0x0000, 0x0000, 0x0000, 0x0000, 0x0000, 0x0000, 0x0000, 0x0000, 0x0000, 0x0000, 0x0000, 0x0000, 0x0000, 0x0000,
    0x0000, 0x0000, 0x0000, 0x0000, 0x0000, 0x0000, 0x0000, 0x0000, 0x0000, 0x0000, 0x0000, 0x0000, 0x0000, 0x0000, 0x0000, 0x0000,
    0x0000, 0x0000, 0x0000, 0x0000, 0x0000, 0x0000, 0x0000, 0x0000, 0x0000, 0x0000, 0x0000, 0x0000, 0x0000, 0x0000, 0x0000, 0x0000,
    0x0000, 0x0000, 0x0000, 0x0000, 0x0000, 0x0000, 0x0000, 0x0000, 0x0000, 0x0000, 0x0000, 0x0000, 0x0000, 0x0000, 0x0000, 0x0000,
    0x0000, 0x0000, 0x0000, 0x0000, 0x0000, 0x0000, 0x0000, 0x0000, 0x0000, 0x0000, 0x2421, 0x0000, 0x0000, 0x0000, 0x0000, 0x0000,
    0xA318, 0x0000, 0x0000, 0x0000, 0x0000, 0x0000, 0x0000, 0x0000, 0xC318, 0x0000, 0x0000, 0x0000, 0x0000, 0x0000, 0x0000, 0x0000,
    0x6210, 0xE318, 0x0000, 0x0000, 0x0000, 0x0000, 0x0000, 0x0000, 0x0000, 0x0000, 0x0000, 0x0000, 0x0000, 0x0000, 0x0000, 0x0000,
    0xC318, 0xC318, 0x0000, 0x0000, 0x0000, 0x0000, 0xC318, 0x8210, 0x0000, 0x0000, 0x0000, 0x0000, 0x0000, 0x0000, 0x0000, 0x0000,
    0x0000, 0x0000, 0x0000, 0x0000, 0x0000, 0x0000, 0x0000, 0x0000, 0x0000, 0x0000, 0x0000, 0x0000, 0x0000, 0x0000, 0x0000, 0x0000,
    0x0000, 0x0000, 0x0000, 0x0000, 0x0000, 0x0000, 0x0000, 0x0000, 0x0000, 0x0000, 0x0000, 0x0000, 0x0000, 0x0000, 0x0000, 0x0000,
    0x0000, 0x0000, 0x0000, 0x0000, 0x0000, 0x0000, 0x0000, 0x0000,
}};

const App::PleaseTouchAsInstructedMessageBitmapType App::PleaseTouchAsInstructedMessageBitmap = {{
    0x0000, 0xE318, 0xE318, 0xE318, 0x0000, 0x0000, 0x0000, 0x0000, 0x518C, 0xFFFF, 0x0000, 0x0000, 0x0000, 0x0000, 0x0000, 0x0000,
    0x0000, 0x0000, 0x0000, 0x0000, 0x0000, 0x0000, 0x0000, 0x0000, 0x0000, 0x0000, 0x0000, 0x0000, 0x0000, 0x0000, 0x0000, 0x0000,
    0x0000, 0x0000, 0x0000, 0x0000, 0x0000, 0x0000, 0x0000, 0x0000, 0x0000, 0x0000, 0x0000, 0x0000, 0x0000, 0x0000, 0x0000, 0x0000,
    0x0000, 0x0000, 0x0000, 0x0000, 0x0000, 0x0000, 0x0000, 0x0000, 0x0000, 0x0000, 0x0000, 0x0000, 0x0000, 0x0000, 0x0000, 0x0000,
    0x0000, 0x0000, 0x0000, 0x0000, 0x0000, 0x0000, 0x0000, 0x0000, 0x0000, 0x0000, 0xFBDE, 0xDFFF, 0x0000, 0x0000, 0x0000, 0x0000,
    0x0000, 0x0000, 0x0000, 0x0000, 0x0000, 0x0000, 0x0000, 0x0000, 0x0000, 0x0000, 0x0000, 0x0000, 0x0000, 0x0000, 0x0000, 0x0000,
    0x0000, 0x0000, 0x0000, 0x0000, 0x0000, 0x0000, 0x0000, 0x0000, 0xAA52, 0x0000, 0x0000, 0x0000, 0x0000, 0x0000, 0x0000, 0x0000,
    0x0000, 0x0000, 0x0000, 0x0000, 0x0000, 0x0000, 0x0000, 0x0000, 0x0000, 0x0000, 0x0000, 0x0000, 0x0000, 0x0000, 0x0000, 0x0000,
    0x0000, 0x0000, 0x0000, 0x0000, 0x0000, 0x0000, 0x0000, 0x0000, 0x0000, 0x0000, 0x0000, 0x0000, 0x0000, 0x0000, 0x0000, 0x0000,
    0x0000, 0x0000, 0x0000, 0x0000, 0x0000, 0x0000, 0x0000, 0x0000, 0x0000, 0x0000, 0x0000, 0x0000, 0x0000, 0x0000, 0x0000, 0x0000,
    0x0000, 0x0000, 0x0000, 0x0000, 0x0000, 0x0000, 0x9AD6, 0xAE73, 0x55AD, 0xFFFF, 0xFFFF, 0xFFFF, 0x3CE7, 0x2C63, 0x0000, 0x0000,
    0x518C, 0xF7BD, 0x0000, 0x0000, 0x0000, 0x0000, 0x0000, 0x0000, 0x0000, 0x0000, 0x0000, 0x0000, 0x0000, 0x0000, 0x0000, 0x0000,
    0x0000, 0x0000, 0x0000, 0x0000, 0x0000, 0x0000, 0x0000, 0x0000, 0x0000, 0x0000, 0x0000, 0x0000, 0x0000, 0x0000, 0x0000, 0x0000,
    0x0000, 0x0000, 0x0000, 0x0000, 0x0000, 0x0000, 0xCB5A, 0x6108, 0x0000, 0x0000, 0x0000, 0x0000, 0x0000, 0x0000, 0x0000, 0x0000,
    0x0000, 0x0000, 0x0000, 0x0000, 0x0000, 0x0000, 0x0000, 0x0000, 0x0000, 0x0000, 0x0000, 0x0000, 0x0000, 0x0000, 0x0000, 0x0000,
    0x0000, 0x0000, 0xB294, 0x17BE, 0x0000, 0x0000, 0x0000, 0x0000, 0x0000, 0x0000, 0x0000, 0x0000, 0x0000, 0x0000, 0x0000, 0x0000,
    0x0000, 0x0000, 0x0000, 0x0000, 0x0000, 0x0000, 0x0000, 0x0000, 0x0000, 0x0000, 0x0000, 0x0000, 0x0000, 0x0000, 0x0000, 0x4529,
    0xFFFF, 0x2C63, 0x0000, 0x0000, 0x0000, 0x0000, 0x0000, 0x0000, 0x0000, 0x0000, 0x0000, 0x0000, 0x0000, 0x0000, 0x0000, 0x0000,
    0x0000, 0x0000, 0x4D6B, 0xEF7B, 0x0000, 0x0000, 0x0000, 0x0000, 0x0000, 0x0000, 0x0000, 0x0000, 0x0000, 0x0000, 0x0000, 0x0000,
    0x0000, 0x0000, 0x0000, 0x0000, 0x0000, 0x0000, 0x0000, 0x0000, 0x0000, 0x0000, 0x0000, 0x0000, 0x2421, 0xCB5A, 0x0000, 0x0000,
    0x0000, 0x0000, 0x0000, 0x0000, 0x0000, 0x0000, 0x0000, 0x0000, 0x0000, 0x0000, 0x0000, 0x0000, 0x0000, 0x0000, 0xFFFF, 0xAE73,
    0x55AD, 0xDBDE, 0x0000, 0x6108, 0xEF7B, 0xFFFF, 0x294A, 0x0000, 0x518C, 0xF7BD, 0x0000, 0x0000, 0x0000, 0x0000, 0x0000, 0x0000,
    0x0000, 0x0000, 0x0000, 0x0000, 0x0000, 0x0000, 0x0000, 0x0000, 0x0000, 0x0000, 0x0000, 0x0000, 0x0000, 0x0000, 0x0000, 0x0000,
    0x0000, 0x0000, 0x0000, 0x0000, 0x0000, 0x0000, 0x0000, 0x0000, 0x0000, 0x0000, 0x0000, 0x0000, 0x0000, 0x8210, 0xFFFF, 0x0842,
    0x0000, 0x0000, 0x0000, 0x0000, 0x0000, 0x0000, 0x0000, 0x0000, 0x0000, 0x0000, 0x0000, 0x0000, 0x0000, 0x0000, 0x0000, 0x0000,
    0x0000, 0x0000, 0x0000, 0x0000, 0x0000, 0x0000, 0x0000, 0x0000, 0x0000, 0x0000, 0xB294, 0x79CE, 0x0000, 0x0000, 0x0000, 0x0000,
    0x0000, 0x0000, 0x0000, 0x0000, 0x0000, 0x0000, 0x0000, 0x0000, 0x0000, 0x0000, 0x0000, 0x0000, 0x0000, 0x0000, 0x0000, 0x0000,
    0x0000, 0x0000, 0x0000, 0x0000, 0x0000, 0x0000, 0x0000, 0x0000, 0xA631, 0x0000, 0x0000, 0x0000, 0x0000, 0x0000, 0x0000, 0x0000,
    0x0000, 0x0000, 0x0000, 0x0000, 0x0000, 0x0000, 0x0000, 0x0000, 0x0000, 0x0000, 0x3084, 0x79CE, 0x0000, 0x0000, 0x0000, 0x0000,
    0x0000, 0x0000, 0x0000, 0x0000, 0x0000, 0x0000, 0x0000, 0x0000, 0x0000, 0x0000, 0x0000, 0x0000, 0x0000, 0x0000, 0x0000, 0x0000,
    0x0000, 0x0000, 0x0000, 0x0000, 0x6D6B, 0x5CE7, 0x0000, 0x0000, 0x0000, 0x0000, 0x0000, 0x0000, 0x0000, 0x0000, 0x0000, 0x0000,
    0x0000, 0x0000, 0x0000, 0x0000, 0x0000, 0x0000, 0xFFFF, 0xAE73, 0x55AD, 0xDBDE, 0x0000, 0x0000, 0x0000, 0x9EF7, 0xEF7B, 0x0000,
    0x518C, 0xF7BD, 0x0000, 0x0000, 0x0000, 0x8631, 0x8E73, 0x3084, 0xCB5A, 0x0000, 0x0000, 0x0000, 0xE318, 0x4D6B, 0x9294, 0x6D6B,
    0xE318, 0x0000, 0x0000, 0x0000, 0xE739, 0xEF7B, 0x9294, 0xC739, 0x0000, 0x0000, 0x0000, 0xE841, 0xCF7B, 0x1084, 0x694A, 0x0000,
    0x0000, 0x0000, 0x0000, 0x0000, 0x2421, 0x3084, 0xFFFF, 0xD39C, 0x6D6B, 0x2421, 0x0000, 0x0000, 0x694A, 0xEF7B, 0x1084, 0xAA52,
    0x0000, 0x0000, 0x0000, 0xAE73, 0x494A, 0x0000, 0x0000, 0x0000, 0xCF7B, 0xE420, 0x0000, 0x0000, 0x0000, 0x4D6B, 0x9294, 0x0C63,
    0x2000, 0x0000, 0xB294, 0xFBDE, 0xC318, 0xAE73, 0xCF7B, 0x4529, 0x0000, 0x0000, 0x0000, 0x0000, 0x0000, 0x0000, 0x0000, 0x0C63,
    0x3084, 0xEF7B, 0x0842, 0x0000, 0x0000, 0x0000, 0x8210, 0x6D6B, 0xB294, 0xAA52, 0x0000, 0x0000, 0x0000, 0x0000, 0x0000, 0x0000,
    0xEF7B, 0xA631, 0x0000, 0x8631, 0xAE73, 0x0000, 0x4D6B, 0x3084, 0x694A, 0x0000, 0x0000, 0x0000, 0xC318, 0x8E73, 0xB294, 0x8A52,
    0x0000, 0x8E73, 0x79CE, 0xFBDE, 0x6D6B, 0xB6B5, 0x0000, 0x718C, 0x55AD, 0x6529, 0x718C, 0x4D6B, 0x0000, 0xCF7B, 0x2421, 0x0000,
    0x0000, 0x4108, 0xCF7B, 0x0000, 0x0000, 0x0000, 0xC318, 0x8E73, 0x518C, 0xCB5A, 0x0000, 0x75AD, 0xF7BD, 0xDEF7, 0x8E73, 0x6D6B,
    0x0000, 0x0000, 0x4108, 0x0C63, 0x9294, 0x4D6B, 0x0000, 0x0000, 0x0000, 0x0000, 0x2842, 0xCF7B, 0x8E73, 0x2421, 0xFFFF, 0xAE73,
    0x55AD, 0xDBDE, 0x0000, 0x0000, 0x0000, 0x5DEF, 0x8E73, 0x0000, 0x518C, 0xF7BD, 0x0000, 0x0000, 0x2D6B, 0xFFFF, 0x1084, 0x14A5,
    0xFFFF, 0xEF7B, 0x0000, 0x8210, 0xBEF7, 0x14A5, 0xF7BD, 0xB6B5, 0x9DEF, 0xA318, 0x0000, 0xEB5A, 0xFFFF, 0xAE73, 0xCF7B, 0xFFFF,
    0x0000, 0x0000, 0xEF7B, 0xFFFF, 0xCF7B, 0x75AD, 0xFFFF, 0x0C63, 0x0000, 0x0000, 0x0000, 0x0000, 0x0842, 0x55AD, 0xFFFF, 0xF7BD,
    0x75AD, 0x4529, 0x0000, 0x96B5, 0x1CE7, 0x9294, 0x14A5, 0xFFFF, 0x718C, 0x0000, 0x0000, 0x79CE, 0xCF7B, 0x0000, 0x0000, 0x0000,
    0xFFFF, 0x294A, 0x0000, 0x6108, 0x9AD6, 0x7DEF, 0xF7BD, 0xF7BD, 0x14A5, 0x0000, 0xB294, 0x9EF7, 0xFFFF, 0xB294, 0x7DEF, 0xBEF7,
    0xC318, 0x0000, 0x0000, 0x0000, 0x0000, 0x0000, 0xF7BD, 0xF7BD, 0x518C, 0xB294, 0xFFFF, 0x0C63, 0x0000, 0xA210, 0xFBDE, 0x9294,
    0x6D6B, 0xFFFF, 0xE420, 0x0000, 0x0000, 0x0000, 0x0000, 0xA318, 0xFFFF, 0x8A52, 0x0000, 0xEB5A, 0xBEF7, 0xFBDE, 0x75AD, 0x75AD,
    0xFFFF, 0x8A52, 0x0000, 0x0421, 0x5CE7, 0x718C, 0x6D6B, 0xFFFF, 0x8210, 0x1BDF, 0x1CE7, 0xBEF7, 0xB6B5, 0x14A5, 0x0000, 0x1084,
    0xDBDE, 0xFFFF, 0xBAD6, 0x58C6, 0x0000, 0xDEF7, 0x694A, 0x0000, 0x0000, 0x6529, 0xFFFF, 0xC318, 0x0000, 0x8631, 0x5DEF, 0x96B5,
    0x518C, 0xFFFF, 0xCF7B, 0xBAD6, 0xDBDE, 0xFFFF, 0xB6B5, 0x55AD, 0x0000, 0x4529, 0xDBDE, 0x9294, 0x1084, 0xFFFF, 0xD7BD, 0x0000,
    0x0000, 0xAA52, 0xFFFF, 0x75AD, 0x55AD, 0xFFFF, 0xFFFF, 0xAE73, 0x55AD, 0xDBDE, 0x0000, 0x8210, 0xCF7B, 0xFFFF, 0xA739, 0x0000,
    0x518C, 0xF7BD, 0x0000, 0xA210, 0x9DEF, 0x8A52, 0x0000, 0x0000, 0x518C, 0x7DEF, 0x0000, 0x0000, 0x6529, 0x0000, 0x0000, 0x2108,
    0xFFFF, 0xAA52, 0x0000, 0xB294, 0xBAD6, 0x0000, 0x0000, 0x0000, 0x0000, 0x8631, 0xFFFF, 0xA739, 0x0000, 0x0000, 0x55AD, 0x9AD6,
    0x0000, 0x0000, 0x0000, 0x0000, 0x0000, 0xA210, 0xFFFF, 0xC739, 0x0000, 0x0000, 0xEB5A, 0xFFFF, 0xE420, 0x0000, 0x0000, 0x4D6B,
    0xFFFF, 0xC318, 0x0000, 0x79CE, 0xCF7B, 0x0000, 0x0000, 0x0000, 0xFFFF, 0x294A, 0x0000, 0xB294, 0xDAD6, 0x0000, 0x0000, 0x0000,
    0x8A52, 0x0000, 0xB294, 0x7DEF, 0x0842, 0x0000, 0xA318, 0xDFFF, 0x2D6B, 0x0000, 0x0000, 0x0000, 0x0000, 0x0000, 0x2421, 0x0000,
    0x0000, 0x0000, 0x55AD, 0x55AD, 0x0000, 0x0842, 0x7DEF, 0x0000, 0x0000, 0x0000, 0x0000, 0x0000, 0x0000, 0x0000, 0x0000, 0xA318,
    0xFFFF, 0x8A52, 0x0000, 0xEB5A, 0xFFFF, 0x4D6B, 0x0000, 0x0000, 0x38C6, 0x14A5, 0x0000, 0x694A, 0x1BDF, 0x0000, 0x0000, 0x0000,
    0x0000, 0x0000, 0xF39C, 0x9AD6, 0x0000, 0x0000, 0x0000, 0x1084, 0xFFFF, 0x8A52, 0x0000, 0x0000, 0x0000, 0xDEF7, 0x694A, 0x0000,
    0x0000, 0x6529, 0xFFFF, 0xC318, 0x0000, 0xD7BD, 0x75AD, 0x0000, 0x0000, 0x0000, 0x6D6B, 0x0000, 0xEF7B, 0x9EF7, 0x0000, 0x0000,
    0x0000, 0x96B5, 0x9294, 0x0000, 0x0000, 0x0842, 0xFFFF, 0x0842, 0x0000, 0xF7BD, 0xD294, 0x0000, 0x0000, 0xEB5A, 0xFFFF, 0xAE73,
    0x55AD, 0xFFFF, 0xFFFF, 0xFFFF, 0xDAD6, 0x694A, 0x0000, 0x0000, 0x518C, 0xF7BD, 0x0000, 0xE739, 0xFFFF, 0x1084, 0xAE73, 0xCF7B,
    0x139D, 0xFFFF, 0x2421, 0x0000, 0x0000, 0x2421, 0x494A, 0x4D6B, 0xBEF7, 0x0C63, 0x0000, 0x0C63, 0xFFFF, 0x1084, 0x2529, 0x0000,
    0x0000, 0xCB5A, 0xFFFF, 0xAE73, 0xAE73, 0xCF7B, 0x96B5, 0xFFFF, 0x2108, 0x0000, 0x0000, 0x0000, 0x0000, 0xA210, 0xFFFF, 0xC739,
    0x0000, 0x0000, 0xB294, 0x18C6, 0x0000, 0x0000, 0x0000, 0xE420, 0xFFFF, 0x0842, 0x0000, 0x79CE, 0xCF7B, 0x0000, 0x0000, 0x0000,
    0xFFFF, 0x294A, 0x0000, 0xF7BD, 0xD39C, 0x0000, 0x0000, 0x0000, 0x0000, 0x0000, 0xB294, 0xB6B5, 0x0000, 0x0000, 0x0000, 0x99CE,
    0xEF7B, 0x0000, 0x0000, 0x0000, 0x0000, 0x0000, 0x0000, 0x2000, 0xE841, 0x0C63, 0x38C6, 0xB6B5, 0x0000, 0xC318, 0x7DEF, 0x54A5,
    0x0842, 0x0000, 0x0000, 0x0000, 0x0000, 0x0000, 0x0000, 0xA318, 0xFFFF, 0x8A52, 0x0000, 0xEB5A, 0x9EF7, 0x0000, 0x0000, 0x0000,
    0xB294, 0xB6B5, 0x0000, 0x2421, 0xDEF7, 0x14A5, 0xE739, 0x0000, 0x0000, 0x0000, 0xD39C, 0x59CE, 0x0000, 0x0000, 0x0000, 0x1084,
    0x38C6, 0x0000, 0x0000, 0x0000, 0x0000, 0xDEF7, 0x694A, 0x0000, 0x0000, 0x6529, 0xFFFF, 0xC318, 0x0000, 0x5DEF, 0x6D6B, 0x0000,
    0x0000, 0x0000, 0x0000, 0x0000, 0xEF7B, 0x5CE7, 0x0000, 0x0000, 0x0000, 0x9DEF, 0x75AD, 0xAE73, 0xCF7B, 0xCF7B, 0xFFFF, 0x6D6B,
    0x0000, 0x9DEF, 0xAA52, 0x0000, 0x0000, 0x0000, 0xDEF7, 0xAE73, 0x54A5, 0xBAD6, 0xC739, 0xC318, 0x0000, 0x0000, 0x0000, 0x0000,
    0x518C, 0xF7BD, 0x0000, 0x8A52, 0xFFFF, 0x96B5, 0x75AD, 0x34A5, 0x139D, 0xD294, 0x0000, 0x0000, 0xF39C, 0xFFFF, 0x34A5, 0xB294,
    0xFFFF, 0x0C63, 0x0000, 0x0000, 0x694A, 0xF7BD, 0xFFFF, 0xCF7B, 0x0000, 0x8E73, 0xFFFF, 0x96B5, 0x75AD, 0x34A5, 0xF39C, 0x9294,
    0x0000, 0x0000, 0x0000, 0x0000, 0x0000, 0xA210, 0xFFFF, 0xC739, 0x0000, 0x0000, 0x75AD, 0xB6B5, 0x0000, 0x0000, 0x0000, 0x8210,
    0xFFFF, 0x8A52, 0x0000, 0x79CE, 0xCF7B, 0x0000, 0x0000, 0x0000, 0xFFFF, 0x294A, 0x0000, 0xBAD6, 0x718C, 0x0000, 0x0000, 0x0000,
    0x0000, 0x0000, 0xB294, 0x96B5, 0x0000, 0x0000, 0x0000, 0x59CE, 0xEF7B, 0x0000, 0x0000, 0x0000, 0x0000, 0x0000, 0x0C63, 0x9DEF,
    0xFFFF, 0xB294, 0x1BDF, 0xB6B5, 0x0000, 0x0000, 0x2421, 0xB294, 0xFFFF, 0x75AD, 0x0000, 0x0000, 0x0000, 0x0000, 0x0000, 0xA318,
    0xFFFF, 0x8A52, 0x0000, 0xEB5A, 0x9DEF, 0x0000, 0x0000, 0x0000, 0x718C, 0xD7BD, 0x0000, 0x0000, 0x4529, 0xF39C, 0xFFFF, 0x55AD,
    0x0000, 0x0000, 0x9294, 0xF7BD, 0x0000, 0x0000, 0x0000, 0x1084, 0x38C6, 0x0000, 0x0000, 0x0000, 0x0000, 0xDEF7, 0x694A, 0x0000,
    0x0000, 0x6529, 0xFFFF, 0xC318, 0x2000, 0xFFFF, 0x0C63, 0x0000, 0x0000, 0x0000, 0x0000, 0x0000, 0xAE73, 0x1BDF, 0x0000, 0x0000,
    0x4108, 0xFFFF, 0x79CE, 0x96B5, 0x55AD, 0x14A5, 0xD39C, 0xA739, 0x8210, 0xFFFF, 0xAA52, 0x0000, 0x0000, 0x0000, 0xBEF7, 0xAE73,
    0x54A5, 0x59CE, 0x0000, 0x0000, 0x0000, 0x0000, 0x0000, 0x0000, 0x518C, 0xF7BD, 0x0000, 0x8631, 0xFFFF, 0x0842, 0x0000, 0x0000,
    0x0000, 0x0000, 0x0000, 0x494A, 0xFFFF, 0x6529, 0x0000, 0x0000, 0xDEF7, 0x0C63, 0x0000, 0x0000, 0x0000, 0x0000, 0xEB5A, 0xFFFF,
    0x0421, 0x694A, 0xFFFF, 0x6108, 0x0000, 0x0000, 0x0000, 0x0000, 0x0000, 0x0000, 0x0000, 0x0000, 0x0000, 0x8210, 0xFFFF, 0xC739,
    0x0000, 0x0000, 0x718C, 0xBAD6, 0x0000, 0x0000, 0x0000, 0x8631, 0xFFFF, 0x6529, 0x0000, 0x18C6, 0x518C, 0x0000, 0x0000, 0x6210,
    0xFFFF, 0x294A, 0x0000, 0x96B5, 0x34A5, 0x0000, 0x0000, 0x0000, 0x0000, 0x0000, 0xB294, 0x96B5, 0x0000, 0x0000, 0x0000, 0x59CE,
    0x1084, 0x0000, 0x0000, 0x0000, 0x0000, 0x0000, 0x9DEF, 0x2D6B, 0x0000, 0x0000, 0x139D, 0xB6B5, 0x0000, 0x0000, 0x0000, 0x0000,
    0x2421, 0x7DEF, 0x8E73, 0x0000, 0x0000, 0x0000, 0x0000, 0xA318, 0xFFFF, 0x8A52, 0x0000, 0xEB5A, 0x7DEF, 0x0000, 0x0000, 0x0000,
    0x718C, 0xD7BD, 0x0000, 0x0000, 0x0000, 0x0000, 0x8631, 0xBEF7, 0x2D6B, 0x0000, 0x518C, 0xF7BD, 0x0000, 0x0000, 0x0000, 0x1084,
    0x38C6, 0x0000, 0x0000, 0x0000, 0x0000, 0x7DEF, 0xEC62, 0x0000, 0x0000, 0x8A52, 0xFFFF, 0xC318, 0x0000, 0xFBDE, 0xEF7B, 0x0000,
    0x0000, 0x0000, 0x0000, 0x0000, 0x6D6B, 0xDBDE, 0x0000, 0x0000, 0x0000, 0x3CE7, 0x6D6B, 0x0000, 0x0000, 0x0000, 0x0000, 0x0000,
    0x0000, 0xDEF7, 0x4D6B, 0x0000, 0x0000, 0x0000, 0xBEF7, 0xAE73, 0x54A5, 0x18C6, 0x0000, 0x0000, 0x0000, 0x0000, 0x0000, 0x0000,
    0x518C, 0xF7BD, 0x0000, 0x0000, 0x79CE, 0xB294, 0x4108, 0x0000, 0xA318, 0x2C63, 0x0000, 0x294A, 0xFFFF, 0x8A52, 0x0000, 0x2C63,
    0xFFFF, 0x0C63, 0x0000, 0x79CE, 0x6210, 0x0000, 0x494A, 0xFFFF, 0xA210, 0x2108, 0x3CE7, 0x1084, 0x0000, 0x0000, 0xE420, 0x34A5,
    0x0000, 0x0000, 0x0000, 0x0000, 0x0000, 0x0000, 0xFFFF, 0xF39C, 0x4108, 0x0000, 0xE739, 0xFFFF, 0x6D6B, 0x4108, 0x0421, 0x55AD,
    0x55AD, 0x0000, 0x0000, 0xD39C, 0xDBDE, 0xE420, 0x4529, 0x18C6, 0xFFFF, 0x294A, 0x0000, 0xEC62, 0xDFFF, 0x494A, 0x0000, 0xE841,
    0x7DEF, 0x0000, 0xB294, 0x75AD, 0x0000, 0x0000, 0x0000, 0x59CE, 0x1084, 0x0000, 0x0000, 0x0000, 0x0000, 0x0000, 0x7DEF, 0x3084,
    0x0000, 0x2421, 0xFBDE, 0xB6B5, 0x0000, 0x9294, 0x694A, 0x0000, 0x8210, 0xDBDE, 0x4D6B, 0x0000, 0x0000, 0x0000, 0x0000, 0xA318,
    0xFFFF, 0x8A52, 0x0000, 0xEB5A, 0x7DEF, 0x0000, 0x0000, 0x0000, 0x718C, 0xF7BD, 0x0000, 0x59CE, 0x2842, 0x0000, 0x2421, 0x3CE7,
    0xEB5A, 0x0000, 0xAE73, 0x9EF7, 0xE318, 0x2421, 0x0000, 0x1084, 0x18C6, 0x0000, 0x0000, 0x0000, 0x0000, 0x18C6, 0x96B5, 0x2108,
    0xC739, 0x1CE7, 0xFFFF, 0xC318, 0x0000, 0x3084, 0x9AD6, 0x8A52, 0x0000, 0x8A52, 0x3084, 0x0000, 0xCB5A, 0xFFFF, 0xA631, 0x0421,
    0x0000, 0x518C, 0x59CE, 0x4529, 0x0000, 0x0000, 0xEB5A, 0x0000, 0x0000, 0x34A5, 0x79CE, 0xC318, 0x8210, 0xF39C, 0xFFFF, 0xAE73,
    0x34A5, 0x18C6, 0x0000, 0x0000, 0x0000, 0x0000, 0x0000, 0x0000, 0x518C, 0xF7BD, 0x0000, 0x0000, 0x8631, 0xD7BD, 0xFFFF, 0x1BDF,
    0xDEF7, 0x96B5, 0x0000, 0x0000, 0x75AD, 0xFFFF, 0x5CE7, 0x75AD, 0x58C6, 0x0C63, 0x0000, 0xF39C, 0xFFFF, 0xFBDE, 0x9EF7, 0x8E73,
    0x0000, 0x0000, 0x0842, 0x59CE, 0xFFFF, 0x3CE7, 0x9DEF, 0xD39C, 0x0000, 0x0000, 0x0000, 0x0000, 0x0000, 0x0000, 0xD294, 0xFFFF,
    0xFFFF, 0x0842, 0x0000, 0x4D6B, 0x7DEF, 0xFFFF, 0xFFFF, 0x96B5, 0x8210, 0x0000, 0x0000, 0x4529, 0x9AD6, 0xFFFF, 0xDEF7, 0x4D6B,
    0xFFFF, 0x294A, 0x0000, 0x0000, 0x518C, 0xFFFF, 0xBEF7, 0x5CE7, 0x2C63, 0x0000, 0xB294, 0x75AD, 0x0000, 0x0000, 0x0000, 0x59CE,
    0x1084, 0x0000, 0x0000, 0x0000, 0x0000, 0x0000, 0xAE73, 0xFFFF, 0x1CE7, 0xFBDE, 0xD294, 0xFFFF, 0x0000, 0x2C63, 0x3CE7, 0x3CE7,
    0xFFFF, 0x34A5, 0x0000, 0x0000, 0x0000, 0x0000, 0x0000, 0xA318, 0xFFFF, 0x8A52, 0x0000, 0xEB5A, 0xFFFF, 0x0000, 0x0000, 0x0000,
    0x718C, 0xF7BD, 0x0000, 0x6D6B, 0x5DEF, 0x1CE7, 0xFFFF, 0x14A5, 0x0000, 0x0000, 0x2529, 0x3CE7, 0xFFFF, 0x38C6, 0x0000, 0x1084,
    0x18C6, 0x0000, 0x0000, 0x0000, 0x0000, 0x494A, 0x7DEF, 0xFFFF, 0x9DEF, 0xEB5A, 0xFFFF, 0xC318, 0x0000, 0x2000, 0x34A5, 0xFFFF,
    0xFFFF, 0xDBDE, 0x2842, 0x0000, 0x6210, 0x9AD6, 0xFFFF, 0xFFFF, 0x0000, 0x2000, 0x9294, 0xBEF7, 0xFBDE, 0xFFFF, 0xF7BD, 0xE318,
    0x0000, 0x0421, 0x59CE, 0xFFFF, 0xBEF7, 0xEF7B, 0x59CE, 0xAE73, 0x2108, 0x2108, 0x0000, 0x0000, 0x0000, 0x0000, 0x0000, 0x0000,
    0x0000, 0x0000, 0x0000, 0x0000, 0x0000, 0x0000, 0x0000, 0xC318, 0x2108, 0x0000, 0x0000, 0x0000, 0x0000, 0x6108, 0x4108, 0x0000,
    0x0000, 0x0000, 0x0000, 0x0000, 0x8210, 0xC318, 0x0000, 0x0000, 0x0000, 0x0000, 0x0000, 0x0000, 0x4108, 0xC318, 0x0000, 0x0000,
    0x0000, 0x0000, 0x0000, 0x0000, 0x0000, 0x0000, 0x0000, 0xC318, 0xC318, 0x0000, 0x0000, 0x0000, 0x0000, 0xA210, 0x0000, 0x0000,
    0x0000, 0x0000, 0x0000, 0x0000, 0x0000, 0x8210, 0x0000, 0x0000, 0x0000, 0x0000, 0x0000, 0x0000, 0x0000, 0x0000, 0xE318, 0x0000,
    0x0000, 0x0000, 0x0000, 0x0000, 0x0000, 0x0000, 0x0000, 0x0000, 0x0000, 0x0000, 0x0000, 0x0000, 0x0000, 0x0000, 0x0000, 0x2000,
    0xC318, 0x0000, 0x0000, 0x0000, 0x0000, 0x0000, 0x0000, 0xC318, 0x4108, 0x0000, 0x0000, 0x0000, 0x0000, 0x0000, 0x0000, 0x0000,
    0x6108, 0x0000, 0x0000, 0x0000, 0x0000, 0x0000, 0x0000, 0x0000, 0x0000, 0x0000, 0x0000, 0x0000, 0x0000, 0xC318, 0x4108, 0x0000,
    0x0000, 0x0000, 0x0000, 0x4108, 0x2421, 0x0000, 0x0000, 0x0000, 0x0000, 0x0000, 0x0000, 0x0000, 0x0000, 0x0000, 0x0000, 0xC318,
    0x0000, 0x0000, 0x0000, 0x0000, 0x0000, 0x0000, 0x0000, 0x2108, 0xE318, 0x0000, 0x0000, 0x0000, 0x0000, 0x0000, 0x2421, 0x0000,
    0x0000, 0x0000, 0x0000, 0x0000, 0xC318, 0xC318, 0x0000, 0x0000, 0x0000, 0x0000, 0x0000, 0xA210, 0x0000, 0x0000, 0x4108, 0x0000,
}};

const App::RecordedPleaseReleaseMessageBitmapType App::RecordedPleaseReleaseMessageBitmap = {{
    0x0000, 0xE318, 0xE318, 0xE318, 0x0000, 0x0000, 0x0000, 0x0000, 0x0000, 0x0000, 0x0000, 0x0000, 0x0000, 0x0000, 0x0000, 0x0000,
    0x0000, 0x0000, 0x0000, 0x0000, 0x0000, 0x0000, 0x0000, 0x0000, 0x0000, 0x0000, 0x0000, 0x0000, 0x0000, 0x0000, 0x0000, 0x0000,
    0x0000, 0x0000, 0x0000, 0x0000, 0x0000, 0x0000, 0x0000, 0x0000, 0x0000, 0xCB5A, 0xDBDE, 0x6210, 0x0000, 0x0000, 0x0000, 0x0000,
    0x0000, 0x0000, 0x0000, 0x0000, 0x0000, 0x0000, 0x0000, 0x0000, 0x0000, 0x0000, 0xBAD6, 0x6D6B, 0x0000, 0x0000, 0x0000, 0x0000,
    0x0000, 0x0000, 0x0000, 0x0000, 0x0000, 0x0000, 0x0000, 0x0000, 0x0000, 0x0000, 0x0000, 0x0000, 0x0000, 0xC739, 0xFFFF, 0x8210,
    0x0000, 0x0000, 0x0000, 0x0000, 0x0000, 0x0000, 0x0000, 0x0000, 0x0000, 0x0000, 0x0000, 0x0000, 0x0000, 0x0000, 0x0000, 0x0000,
    0x0000, 0x0000, 0x0000, 0x0000, 0x0000, 0x0000, 0x0000, 0x0000, 0x0000, 0x0000, 0x0000, 0x0000, 0x0000, 0x0000, 0x0000, 0x0000,
    0x0000, 0x0000, 0x0000, 0x0000, 0x0000, 0x0000, 0x0000, 0x0000, 0x0000, 0x0000, 0x0000, 0x0000, 0x0000, 0x0000, 0x0000, 0x0000,
    0xFFFF, 0x3084, 0x0000, 0x0000, 0x0000, 0x0000, 0x0000, 0x0000, 0x0000, 0x0000, 0x0000, 0x0000, 0x0000, 0x0000, 0x0000, 0x0000,
    0x0000, 0x0000, 0x0000, 0x0000, 0x0000, 0x0000, 0x0000, 0x0000, 0x0000, 0x0000, 0x0000, 0x0000, 0x0000, 0x0000, 0x0000, 0x0000,
    0x55AD, 0xFFFF, 0xFFFF, 0xFFFF, 0xDBDE, 0x8E73, 0x0000, 0x0000, 0x0000, 0x0000, 0x0000, 0x0000, 0x0000, 0x0000, 0x0000, 0x0000,
    0x0000, 0x0000, 0x0000, 0x0000, 0x0000, 0x0000, 0x0000, 0x0000, 0x0000, 0x0000, 0x0000, 0x0000, 0x0000, 0x0000, 0x0000, 0x0000,
    0x0000, 0x0000, 0x0000, 0x0000, 0x0000, 0x0000, 0x0000, 0x0000, 0x0000, 0xCB5A, 0xFFFF, 0x6210, 0x0000, 0x0000, 0x0000, 0x0000,
    0x0000, 0x0000, 0x0000, 0x0000, 0x0000, 0x0000, 0x0000, 0x0000, 0x0000, 0x0000, 0xFFFF, 0x6D6B, 0x0000, 0x0000, 0x0000, 0x0000,
    0x0000, 0x0000, 0x0000, 0x0000, 0x0000, 0x0000, 0x0000, 0x0000, 0x0000, 0x0000, 0x0000, 0x0000, 0x0000, 0xC739, 0xFFFF, 0x8210,
    0x0000, 0x0000, 0x0000, 0x0000, 0x0000, 0x0000, 0x0000, 0x0000, 0x0000, 0x0000, 0x0000, 0x0000, 0x0000, 0x0000, 0x0000, 0x0000,
    0x0000, 0x0000, 0x0000, 0x0000, 0x0000, 0x0000, 0x0000, 0x0000, 0x0000, 0x0000, 0x0000, 0x0000, 0x0000, 0x0000, 0x0000, 0x0000,
    0x0000, 0x0000, 0x0000, 0x0000, 0x0000, 0x0000, 0x0000, 0x0000, 0x0000, 0x0000, 0x0000, 0x0000, 0x0000, 0x0000, 0x0000, 0x0000,
    0x17BE, 0x3084, 0x0000, 0x0000, 0x0000, 0x0000, 0x0000, 0x0000, 0x0000, 0x0000, 0x0000, 0x0000, 0x0000, 0x0000, 0x0000, 0x0000,
    0x0000, 0x0000, 0x0000, 0x0000, 0x0000, 0x0000, 0x0000, 0x0000, 0x0000, 0x0000, 0x0000, 0x0000, 0x0000, 0x0000, 0x0000, 0x0000,
    0x55AD, 0xDBDE, 0x0000, 0x8210, 0x1084, 0xFFFF, 0x494A, 0x0000, 0x0000, 0x0000, 0x0000, 0x0000, 0x0000, 0x0000, 0x0000, 0x0000,
    0x0000, 0x0000, 0x0000, 0x0000, 0x0000, 0x0000, 0x0000, 0x0000, 0x0000, 0x0000, 0x0000, 0x0000, 0x0000, 0x0000, 0x0000, 0x0000,
    0x0000, 0x0000, 0x0000, 0x0000, 0x0000, 0x0000, 0x0000, 0x0000, 0x0000, 0xCB5A, 0xFFFF, 0x6210, 0x0000, 0x0000, 0x0000, 0x0000,
    0x0000, 0x0000, 0x0000, 0x0000, 0x0000, 0x0000, 0x0000, 0x0000, 0x0000, 0x0000, 0xFFFF, 0x6D6B, 0x0000, 0x0000, 0x0000, 0x0000,
    0x0000, 0x0000, 0x0000, 0x0000, 0x0000, 0x0000, 0x0000, 0x0000, 0x0000, 0x0000, 0x0000, 0x0000, 0x0000, 0xC739, 0xFFFF, 0x8210,
    0x0000, 0x0000, 0x0000, 0x0000, 0x0000, 0x0000, 0x0000, 0x0000, 0x0000, 0x0000, 0x0000, 0x0000, 0x0000, 0x0000, 0x0000, 0x0000,
    0x0000, 0x0000, 0x0000, 0x0000, 0x0000, 0x0000, 0x0000, 0x0000, 0x0000, 0x0000, 0x0000, 0x0000, 0x0000, 0x0000, 0x0000, 0x0000,
    0x0000, 0x0000, 0x0000, 0x0000, 0x0000, 0x0000, 0x0000, 0x0000, 0x0000, 0x0000, 0x0000, 0x0000, 0x0000, 0x0000, 0x0000, 0x0000,
    0x17BE, 0x3084, 0x0000, 0x0000, 0x0000, 0x0000, 0x0000, 0x0000, 0x0000, 0x0000, 0x0000, 0x0000, 0x0000, 0x0000, 0x0000, 0x0000,
    0x0000, 0x0000, 0x0000, 0x0000, 0x0000, 0x0000, 0x0000, 0x0000, 0x0000, 0x0000, 0x0000, 0x0000, 0x0000, 0x0000, 0x0000, 0x0000,
    0x55AD, 0xDBDE, 0x0000, 0x0000, 0x2000, 0xFFFF, 0x3084, 0x0000, 0x0000, 0x0000, 0xCB5A, 0x9294, 0x8E73, 0x6108, 0x0000, 0x0000,
    0x0000, 0x6108, 0x6D6B, 0x718C, 0xEC62, 0x0000, 0x0000, 0x0000, 0x6529, 0x4D6B, 0x718C, 0x4D6B, 0x0000, 0x0000, 0x0000, 0x8631,
    0xAE73, 0xC318, 0x3084, 0xD7BD, 0x0000, 0x0000, 0x0C63, 0x518C, 0x0C63, 0xEC62, 0xFFFF, 0x6210, 0x0000, 0x0000, 0x6108, 0x2C63,
    0x718C, 0x4D6B, 0x0000, 0x0000, 0x0000, 0x0000, 0x494A, 0xCF7B, 0x8E73, 0x0421, 0xFFFF, 0x6D6B, 0x0000, 0x0000, 0x0000, 0x0000,
    0x0000, 0x0000, 0x0000, 0x0000, 0x0000, 0x38C6, 0x3084, 0x6529, 0xEF7B, 0xAE73, 0x6529, 0x0000, 0x0000, 0xC739, 0xFFFF, 0x8210,
    0x0000, 0x0000, 0x2000, 0x0C63, 0x9294, 0x4D6B, 0x0000, 0x0000, 0x0000, 0x0000, 0x0C63, 0x3084, 0xEF7B, 0x0842, 0x0000, 0x0000,
    0x0000, 0xA210, 0x6D6B, 0xB294, 0xAA52, 0x0000, 0x0000, 0x0000, 0xA210, 0x2D6B, 0x718C, 0x2C63, 0x0000, 0x0000, 0x0000, 0x0000,
    0x0000, 0x0000, 0x0000, 0xCF7B, 0x0000, 0x8E73, 0xEF7B, 0x0000, 0x0000, 0xE318, 0x4D6B, 0x518C, 0x0C63, 0x0000, 0x0000, 0x0000,
    0x17BE, 0x3084, 0x0000, 0x0000, 0x0000, 0x294A, 0x1084, 0xEF7B, 0xE739, 0x0000, 0x0000, 0x0000, 0xA631, 0x8E73, 0x718C, 0x2C63,
    0x0000, 0x0000, 0x0000, 0x0000, 0xAB5A, 0x518C, 0xEF7B, 0x4529, 0x0000, 0x0000, 0x0000, 0x694A, 0x3084, 0xCF7B, 0x4529, 0x0000,
    0x55AD, 0xDBDE, 0x0000, 0x0000, 0x6529, 0xFFFF, 0xAA52, 0x0000, 0x0000, 0xF7BD, 0xDBDE, 0x34A5, 0xFFFF, 0xBAD6, 0x0000, 0x0000,
    0xE420, 0xFBDE, 0xB6B5, 0x3084, 0x58C6, 0x9294, 0x0000, 0xAE73, 0xFFFF, 0x34A5, 0x718C, 0x79CE, 0xBAD6, 0x0000, 0x0000, 0xEB5A,
    0xDEF7, 0x5CE7, 0x14A5, 0x9DEF, 0x0000, 0x139D, 0xBEF7, 0x9294, 0x38C6, 0x1BDF, 0xFFFF, 0x6210, 0x0000, 0x6631, 0xFBDE, 0x9294,
    0x3084, 0xFFFF, 0xB6B5, 0x0000, 0x0000, 0xCB5A, 0xFFFF, 0x55AD, 0x55AD, 0xDFFF, 0xFFFF, 0x6D6B, 0x0000, 0x0000, 0x0000, 0x0000,
    0x0000, 0x0000, 0x0000, 0x0000, 0x0000, 0xF39C, 0x79CE, 0xFFFF, 0x718C, 0xF7BD, 0xDEF7, 0x2842, 0x0000, 0xC739, 0xFFFF, 0x8210,
    0x0000, 0x0421, 0xBAD6, 0xB294, 0xEF7B, 0xFFFF, 0xF7BD, 0x0000, 0x0000, 0x18C6, 0xF7BD, 0x3084, 0xB294, 0xFFFF, 0xEB5A, 0x0000,
    0xC318, 0x1CE7, 0x9294, 0x6D6B, 0xFFFF, 0xC318, 0x0000, 0xE739, 0x3CE7, 0x718C, 0x518C, 0xFFFF, 0x55AD, 0x0000, 0x0000, 0x0000,
    0x0000, 0x0000, 0xA318, 0xFFFF, 0xB6B5, 0x5DEF, 0xFFFF, 0x2108, 0x494A, 0x7DEF, 0x518C, 0x9294, 0xFFFF, 0x139D, 0x0000, 0x0000,
    0x17BE, 0x3084, 0x0000, 0x0000, 0x9294, 0xBAD6, 0xAE73, 0xD7BD, 0xFFFF, 0x494A, 0x0000, 0x694A, 0xFFFF, 0xB294, 0x3084, 0xBAD6,
    0x18C6, 0x0000, 0x0000, 0x518C, 0x9DEF, 0x4D6B, 0x518C, 0x718C, 0x0000, 0x0000, 0x14A5, 0x18C6, 0x6D6B, 0x38C6, 0xBEF7, 0x8631,
    0x55AD, 0xBEF7, 0x14A5, 0x75AD, 0xBEF7, 0x718C, 0x0000, 0x0000, 0x718C, 0xF7BD, 0x0000, 0x0000, 0x8210, 0xFFFF, 0x6D6B, 0x0000,
    0x54A5, 0x38C6, 0x0000, 0x0000, 0x0000, 0x494A, 0x0000, 0x3CE7, 0x8E73, 0x0000, 0x0000, 0x0421, 0xDFFF, 0xAE73, 0x0000, 0xEB5A,
    0xFFFF, 0x55AD, 0x0000, 0x0000, 0x8631, 0xFFFF, 0x4D6B, 0x0000, 0x0000, 0x55AD, 0xFFFF, 0x6210, 0x0000, 0xB6B5, 0x718C, 0x0000,
    0x0000, 0x2842, 0xFFFF, 0xE739, 0x0000, 0x18C6, 0x9294, 0x0000, 0x0000, 0x0C63, 0xFFFF, 0x6D6B, 0x0000, 0x0000, 0x0000, 0x0000,
    0x0000, 0x0000, 0x0000, 0x0000, 0x0000, 0xF39C, 0x3CE7, 0x6529, 0x0000, 0x0000, 0x59CE, 0x9294, 0x0000, 0xC739, 0xFFFF, 0x8210,
    0x0000, 0x55AD, 0xD39C, 0x0000, 0x0000, 0xC739, 0xFFFF, 0x494A, 0x0000, 0x2421, 0x0000, 0x0000, 0x0000, 0x75AD, 0x34A5, 0x0000,
    0x2842, 0x5CE7, 0x0000, 0x0000, 0x0000, 0x0000, 0x0000, 0x38C6, 0x1084, 0x0000, 0x0000, 0xAA52, 0xFFFF, 0x6529, 0x0000, 0x0000,
    0x0000, 0x0000, 0xA318, 0xFFFF, 0x54A5, 0x0000, 0x0000, 0x0000, 0x9AD6, 0x8E73, 0x0000, 0x0000, 0x0C63, 0xFFFF, 0xE420, 0x0000,
    0x17BE, 0x3084, 0x0000, 0x494A, 0xFFFF, 0x0421, 0x0000, 0x0000, 0x58C6, 0xF7BD, 0x0000, 0x0000, 0x6210, 0x0000, 0x0000, 0x2D6B,
    0xFFFF, 0xE318, 0x0000, 0x79CE, 0xF39C, 0x0000, 0x0000, 0x0000, 0x0000, 0x0C63, 0x5CE7, 0x2000, 0x0000, 0x0000, 0x7DEF, 0x139D,
    0x55AD, 0xBAD6, 0x718C, 0xFFFF, 0xBEF7, 0xE739, 0x0000, 0x0000, 0x18C6, 0x59CE, 0xAE73, 0xCF7B, 0xCF7B, 0x5DEF, 0xD39C, 0x0000,
    0x9AD6, 0x3084, 0x0000, 0x0000, 0x0000, 0x0000, 0x8631, 0xFFFF, 0x6529, 0x0000, 0x0000, 0x0000, 0xB6B5, 0x34A5, 0x0000, 0xEB5A,
    0xFFFF, 0x0000, 0x0000, 0x0000, 0xAB5A, 0x7DEF, 0x0000, 0x0000, 0x0000, 0xCB5A, 0xFFFF, 0x6210, 0x0000, 0xBEF7, 0x55AD, 0xAE73,
    0xCF7B, 0xCF7B, 0xFFFF, 0x2C63, 0x0000, 0xBEF7, 0x694A, 0x0000, 0x0000, 0x0000, 0xFFFF, 0x6D6B, 0x0000, 0x0000, 0x0000, 0x0000,
    0x0000, 0x0000, 0x0000, 0x0000, 0x0000, 0xF39C, 0x75AD, 0x0000, 0x0000, 0x0000, 0xB294, 0x38C6, 0x0000, 0xC739, 0xFFFF, 0x8210,
    0x0000, 0x5CE7, 0xB6B5, 0xAE73, 0xCF7B, 0xCF7B, 0xFFFF, 0xAE73, 0x0000, 0x0000, 0x2000, 0xE841, 0x0C63, 0x58C6, 0x96B5, 0x0000,
    0xE318, 0x9EF7, 0x34A5, 0x0842, 0x0000, 0x0000, 0x4108, 0xFFFF, 0x14A5, 0xAE73, 0xCF7B, 0x1084, 0xFFFF, 0xAA52, 0x0000, 0x0000,
    0x0000, 0x0000, 0xA318, 0xFFFF, 0xA631, 0x0000, 0x0000, 0xA318, 0xFFFF, 0xD39C, 0xAE73, 0xCF7B, 0x518C, 0xFFFF, 0x494A, 0x0000,
    0x17BE, 0x3084, 0x0000, 0x8E73, 0x9EF7, 0xAE73, 0xCF7B, 0xCF7B, 0x18C6, 0x3CE7, 0x0000, 0x0000, 0x0000, 0x6631, 0x8A52, 0x1084,
    0xFFFF, 0x4529, 0x0000, 0x9294, 0x7DEF, 0x4D6B, 0x6210, 0x0000, 0x0000, 0x9294, 0xBAD6, 0xAE73, 0xCF7B, 0xCF7B, 0xBAD6, 0x59CE,
    0x54A5, 0x99CE, 0x0000, 0x0000, 0x34A5, 0xF7BD, 0x0000, 0x0000, 0xDAD6, 0xFBDE, 0x96B5, 0x55AD, 0x14A5, 0xD39C, 0xCB5A, 0x0000,
    0x5CE7, 0xCF7B, 0x0000, 0x0000, 0x0000, 0x0000, 0x494A, 0xFFFF, 0xE420, 0x0000, 0x0000, 0x0000, 0x55AD, 0xB6B5, 0x0000, 0xEB5A,
    0x7DEF, 0x0000, 0x0000, 0x0000, 0x8E73, 0x7DEF, 0x0000, 0x0000, 0x0000, 0xCB5A, 0xFFFF, 0x6210, 0x8210, 0xFFFF, 0x79CE, 0x96B5,
    0x55AD, 0x14A5, 0xD39C, 0x8631, 0xA318, 0xFFFF, 0x694A, 0x0000, 0x0000, 0x0000, 0xFFFF, 0x6D6B, 0x0000, 0x0000, 0x0000, 0x0000,
    0x0000, 0x0000, 0x0000, 0x0000, 0x0000, 0xF39C, 0x75AD, 0x0000, 0x0000, 0x0000, 0x3084, 0xBAD6, 0x0000, 0xC739, 0xFFFF, 0x8210,
    0x0000, 0xFFFF, 0x9AD6, 0x96B5, 0x55AD, 0x14A5, 0xD39C, 0xE739, 0x0000, 0x2C63, 0x9EF7, 0xFFFF, 0xB294, 0x1CE7, 0x96B5, 0x0000,
    0x0000, 0x2421, 0xD39C, 0xFFFF, 0x75AD, 0x0000, 0xE420, 0xFFFF, 0x38C6, 0x96B5, 0x55AD, 0x14A5, 0xD39C, 0x2421, 0x0000, 0x0000,
    0x0000, 0x0000, 0xA318, 0xFFFF, 0x8631, 0x0000, 0x0000, 0x6529, 0xFFFF, 0x18C6, 0x75AD, 0x54A5, 0x14A5, 0xD39C, 0xC318, 0x0000,
    0x17BE, 0x3084, 0x0000, 0x518C, 0x9EF7, 0x96B5, 0x75AD, 0x34A5, 0xF39C, 0x518C, 0x0000, 0x8210, 0x38C6, 0xFFFF, 0xF39C, 0xF39C,
    0xFFFF, 0x4529, 0x0000, 0x0000, 0x2C63, 0xBAD6, 0x9EF7, 0xAA52, 0x0000, 0x34A5, 0x9DEF, 0x96B5, 0x55AD, 0x34A5, 0xF39C, 0xAE73,
    0x54A5, 0x59CE, 0x0000, 0x0000, 0xE841, 0xFFFF, 0xC739, 0x0000, 0xB6B5, 0xF39C, 0x0000, 0x0000, 0x0000, 0x0000, 0x0000, 0x0000,
    0x38C6, 0xB294, 0x0000, 0x0000, 0x0000, 0x0000, 0x2529, 0xFFFF, 0x2842, 0x0000, 0x0000, 0x0000, 0x7DEF, 0x9294, 0x0000, 0xEB5A,
    0x5DEF, 0x0000, 0x0000, 0x0000, 0xEB5A, 0xFFFF, 0x4108, 0x0000, 0x0000, 0x1084, 0xFFFF, 0x6210, 0x0000, 0x5DEF, 0x4D6B, 0x0000,
    0x0000, 0x0000, 0x0000, 0x0000, 0x0000, 0xFFFF, 0x2C63, 0x0000, 0x0000, 0x0000, 0xFFFF, 0x6D6B, 0x0000, 0x0000, 0x0000, 0x0000,
    0x0000, 0x0000, 0x0000, 0x0000, 0x0000, 0xF39C, 0x75AD, 0x0000, 0x0000, 0x0000, 0x55AD, 0xB6B5, 0x0000, 0xC739, 0xFFFF, 0x8210,
    0x0000, 0xFBDE, 0xAE73, 0x0000, 0x0000, 0x0000, 0x0000, 0x0000, 0x0000, 0xBEF7, 0x2C63, 0x0000, 0x0000, 0x34A5, 0x96B5, 0x0000,
    0x0000, 0x0000, 0x0000, 0x4529, 0x7DEF, 0x6D6B, 0x0000, 0xDFFF, 0xCB5A, 0x0000, 0x0000, 0x0000, 0x0000, 0x0000, 0x0000, 0x0000,
    0x0000, 0x0000, 0xA318, 0xFFFF, 0x8631, 0x0000, 0x0000, 0x4108, 0xFFFF, 0x694A, 0x0000, 0x0000, 0x0000, 0x0000, 0x0000, 0x0000,
    0x17BE, 0x3084, 0x0000, 0x4D6B, 0x9DEF, 0x0000, 0x0000, 0x0000, 0x0000, 0x0000, 0x0000, 0x1084, 0xBAD6, 0x0000, 0x0000, 0x2421,
    0xFFFF, 0x4529, 0x0000, 0x0000, 0x0000, 0x0000, 0x3084, 0x1BDF, 0x0000, 0x3084, 0x79CE, 0x0000, 0x0000, 0x0000, 0x0000, 0x0000,
    0x54A5, 0x18C6, 0x0000, 0x0000, 0x0000, 0x59CE, 0xF39C, 0x0000, 0x0C63, 0xBEF7, 0x2842, 0x0000, 0x0000, 0x494A, 0xC739, 0x0000,
    0x8E73, 0x5CE7, 0xE739, 0x0000, 0x494A, 0xF39C, 0x0000, 0x18C6, 0x75AD, 0xE420, 0x4108, 0x6D6B, 0xFFFF, 0x4529, 0x0000, 0xEB5A,
    0x5CE7, 0x0000, 0x0000, 0x0000, 0xA318, 0xFFFF, 0x1084, 0x0000, 0xE841, 0x3CE7, 0xFFFF, 0x6210, 0x0000, 0x9294, 0x38C6, 0x2421,
    0x0000, 0x2000, 0xEB5A, 0x0000, 0x0000, 0x55AD, 0x38C6, 0xA210, 0x8210, 0x14A5, 0xFFFF, 0x6D6B, 0x0000, 0x0000, 0x17BE, 0x4D6B,
    0x0000, 0x0000, 0x0000, 0x0000, 0x0000, 0xF39C, 0xFFFF, 0xEF7B, 0x6210, 0x2842, 0xFFFF, 0xCB5A, 0x0000, 0xC739, 0xFFFF, 0x8210,
    0x0000, 0x3084, 0x9AD6, 0x6631, 0x0000, 0x0000, 0xCB5A, 0x4108, 0x0000, 0x9DEF, 0x1084, 0x0000, 0x4529, 0x1CE7, 0x96B5, 0x0000,
    0xB294, 0x694A, 0x0000, 0xE318, 0xFBDE, 0x2C63, 0x0000, 0xF39C, 0x5CE7, 0xE318, 0x0000, 0x4108, 0x0C63, 0x0000, 0x0000, 0x0000,
    0x0000, 0x0000, 0xA318, 0xFFFF, 0x8631, 0x0000, 0x0000, 0x0000, 0x55AD, 0x1CE7, 0x0421, 0x0000, 0x6108, 0x2C63, 0x0000, 0x0000,
    0x17BE, 0x3084, 0x0000, 0xE318, 0xFFFF, 0x8E73, 0x0000, 0x0000, 0x2421, 0xCB5A, 0x0000, 0xEF7B, 0x7DEF, 0x8210, 0x0000, 0x718C,
    0xFFFF, 0x4529, 0x0000, 0x8E73, 0x0000, 0x0000, 0x55AD, 0xDAD6, 0x0000, 0xA739, 0xFFFF, 0x0C63, 0x0000, 0x0000, 0x8631, 0x0842,
    0x34A5, 0x18C6, 0x0000, 0x0000, 0x0000, 0x4D6B, 0xFFFF, 0x6108, 0x0000, 0xCF7B, 0x7DEF, 0x3CE7, 0xFFFF, 0x79CE, 0x6D6B, 0x0000,
    0x0000, 0xB294, 0xFFFF, 0xFFFF, 0x1BDF, 0xAA52, 0x0000, 0x6529, 0x17BE, 0xFFFF, 0xFFFF, 0x7DEF, 0x8A52, 0x0000, 0x0000, 0xEB5A,
    0xFFFF, 0x0000, 0x0000, 0x0000, 0x0000, 0x0C63, 0x5DEF, 0xBEF7, 0xFBDE, 0xEC62, 0xFFFF, 0x6210, 0x0000, 0x4108, 0xB294, 0xBEF7,
    0xFBDE, 0xFFFF, 0xD7BD, 0x8210, 0x0000, 0x2421, 0x79CE, 0xFFFF, 0x9EF7, 0xCF7B, 0x99CE, 0x6D6B, 0x0000, 0x4108, 0xFFFF, 0x4D6B,
    0x0000, 0x0000, 0x0000, 0x0000, 0x0000, 0xF39C, 0xFBDE, 0xB6B5, 0xFFFF, 0xFFFF, 0x1084, 0x0000, 0x0000, 0xC739, 0xFFFF, 0x8210,
    0x0000, 0x0000, 0x718C, 0xBEF7, 0xFBDE, 0xFFFF, 0xF7BD, 0x6529, 0x0000, 0xCF7B, 0xFFFF, 0x1CE7, 0xDBDE, 0xD39C, 0x96B5, 0x0000,
    0x2D6B, 0x5CE7, 0x1CE7, 0xFFFF, 0x34A5, 0x0000, 0x0000, 0xA210, 0xF39C, 0xDEF7, 0xDBDE, 0xFFFF, 0xB6B5, 0x0000, 0x0000, 0x0000,
    0x0000, 0x0000, 0xA318, 0xFFFF, 0x8631, 0x0000, 0x0000, 0x0000, 0xE318, 0x34A5, 0xDFFF, 0xFBDE, 0xFFFF, 0x75AD, 0x0000, 0x0000,
    0x17BE, 0x3084, 0x0000, 0x0000, 0x8A52, 0xDAD6, 0xFFFF, 0x5CE7, 0x5DEF, 0x18C6, 0x0000, 0xC318, 0x59CE, 0xFFFF, 0xFFFF, 0x718C,
    0xFFFF, 0x4529, 0x0000, 0x38C6, 0xFFFF, 0x3CE7, 0xDBDE, 0x2842, 0x0000, 0x0000, 0xEC62, 0x5CE7, 0xFFFF, 0xFFFF, 0x1BDF, 0x55AD,
    0x2108, 0x2108, 0x0000, 0x0000, 0x0000, 0x0000, 0x2108, 0x0000, 0x0000, 0x0000, 0x0000, 0xA318, 0xC318, 0x0000, 0x0000, 0x0000,
    0x0000, 0x0000, 0x0000, 0xE318, 0x0000, 0x0000, 0x0000, 0x0000, 0x0000, 0x2108, 0x6210, 0x0000, 0x0000, 0x0000, 0x0000, 0x0000,
    0x0000, 0x0000, 0x0000, 0x0000, 0x0000, 0x0000, 0x0000, 0x0421, 0x0000, 0x0000, 0x4108, 0x0000, 0x0000, 0x0000, 0x0000, 0x0000,
    0xC318, 0xA318, 0x0000, 0x0000, 0x0000, 0x0000, 0x0000, 0xA210, 0x0000, 0x0000, 0x4108, 0x0000, 0x0000, 0x0C63, 0x9DEF, 0xA210,
    0x0000, 0x0000, 0x0000, 0x0000, 0x0000, 0xF39C, 0xF7BD, 0x0000, 0xC318, 0x0000, 0x0000, 0x0000, 0x0000, 0x0000, 0x0000, 0x0000,
    0x0000, 0x0000, 0x0000, 0x0000, 0xC318, 0xC318, 0x0000, 0x0000, 0x0000, 0x0000, 0x2000, 0xC318, 0x0000, 0x0000, 0x0000, 0x0000,
    0x0000, 0x0000, 0xC318, 0x4108, 0x0000, 0x0000, 0x0000, 0x0000, 0x0000, 0x0000, 0xC318, 0xA210, 0x0000, 0x0000, 0x0000, 0x0000,
    0x0000, 0x0000, 0x0000, 0x0000, 0x0000, 0x0000, 0x0000, 0x0000, 0x0000, 0x0000, 0x0000, 0xC318, 0x8210, 0x0000, 0x0000, 0x0000,
    0x0000, 0x0000, 0x0000, 0x0000, 0x0000, 0x0000, 0x4108, 0xC318, 0x0000, 0x0000, 0x0000, 0x0000, 0x0000, 0x8210, 0x0000, 0x0000,
    0x0000, 0x0000, 0x0000, 0x0000, 0xC318, 0xA210, 0x0000, 0x0000, 0x0000, 0x0000, 0x0000, 0x0000, 0x8210, 0xC318, 0x0000, 0x0000,
    0x0000, 0x0000, 0x0000, 0x0000, 0x0000, 0x0000, 0x0000, 0x0000, 0x0000, 0x0000, 0x0000, 0x0000, 0x0000, 0x0000, 0x0000, 0x0000,
    0x0000, 0x0000, 0x0000, 0x0000, 0x0000, 0x0000, 0x0000, 0x0000, 0x0000, 0x0000, 0x0000, 0x0000, 0x0000, 0x0000, 0x0000, 0x0000,
    0x0000, 0x0000, 0x0000, 0x0000, 0x0000, 0x0000, 0x0000, 0x0000, 0x0000, 0x0000, 0x0000, 0x0000, 0x0000, 0x0000, 0x0000, 0x0000,
    0x0000, 0x0000, 0x0000, 0x0000, 0x0000, 0x0000, 0x0000, 0x0000, 0x0000, 0x0000, 0x0000, 0x0000, 0x0000, 0x9AD6, 0x4D6B, 0x0000,
    0x0000, 0x0000, 0x0000, 0x0000, 0x0000, 0xF39C, 0x34A5, 0x0000, 0x0000, 0x0000, 0x0000, 0x0000, 0x0000, 0x0000, 0x0000, 0x0000,
    0x0000, 0x0000, 0x0000, 0x0000, 0x0000, 0x0000, 0x0000, 0x0000, 0x0000, 0x0000, 0x0000, 0x0000, 0x0000, 0x0000, 0x0000, 0x0000,
    0x0000, 0x0000, 0x0000, 0x0000, 0x0000, 0x0000, 0x0000, 0x0000, 0x0000, 0x0000, 0x0000, 0x0000, 0x0000, 0x0000, 0x0000, 0x0000,
    0x0000, 0x0000, 0x0000, 0x0000, 0x0000, 0x0000, 0x0000, 0x0000, 0x0000, 0x0000, 0x0000, 0x0000, 0x0000, 0x0000, 0x0000, 0x0000,
    0x0000, 0x0000, 0x0000, 0x0000, 0x0000, 0x0000, 0x0000, 0x0000, 0x0000, 0x0000, 0x0000, 0x0000, 0x0000, 0x0000, 0x0000, 0x0000,
    0x0000, 0x0000, 0x0000, 0x0000, 0x0000, 0x0000, 0x0000, 0x0000, 0x0000, 0x0000, 0x0000, 0x0000, 0x0000, 0x0000, 0x0000, 0x0000,
    0x0000, 0x0000, 0x0000, 0x0000, 0x0000, 0x0000, 0x0000, 0x0000, 0x0000, 0x0000, 0x0000, 0x0000, 0x0000, 0x0000, 0x0000, 0x0000,
    0x0000, 0x0000, 0x0000, 0x0000, 0x0000, 0x0000, 0x0000, 0x0000, 0x0000, 0x0000, 0x0000, 0x0000, 0x0000, 0x0000, 0x0000, 0x0000,
    0x0000, 0x0000, 0x0000, 0x0000, 0x0000, 0x0000, 0x0000, 0x0000, 0x0000, 0x0000, 0x0000, 0x0000, 0x0000, 0x0000, 0x0000, 0x0000,
    0x0000, 0x0000, 0x0000, 0x0000, 0x0000, 0x0000, 0x0000, 0x0000, 0x0000, 0x0000, 0x0000, 0x0000, 0x0000, 0x694A, 0x0000, 0x0000,
    0x0000, 0x0000, 0x0000, 0x0000, 0x0000, 0xF39C, 0x1CE7, 0x0000, 0x0000, 0x0000, 0x0000, 0x0000, 0x0000, 0x0000, 0x0000, 0x0000,
    0x0000, 0x0000, 0x0000, 0x0000, 0x0000, 0x0000, 0x0000, 0x0000, 0x0000, 0x0000, 0x0000, 0x0000, 0x0000, 0x0000, 0x0000, 0x0000,
    0x0000, 0x0000, 0x0000, 0x0000, 0x0000, 0x0000, 0x0000, 0x0000, 0x0000, 0x0000, 0x0000, 0x0000, 0x0000, 0x0000, 0x0000, 0x0000,
    0x0000, 0x0000, 0x0000, 0x0000, 0x0000, 0x0000, 0x0000, 0x0000, 0x0000, 0x0000, 0x0000, 0x0000, 0x0000, 0x0000, 0x0000, 0x0000,
    0x0000, 0x0000, 0x0000, 0x0000, 0x0000, 0x0000, 0x0000, 0x0000, 0x0000, 0x0000, 0x0000, 0x0000, 0x0000, 0x0000, 0x0000, 0x0000,
    0x0000, 0x0000, 0x0000, 0x0000, 0x0000, 0x0000, 0x0000, 0x0000, 0x0000, 0x0000, 0x0000, 0x0000, 0x0000, 0x0000, 0x0000, 0x0000,
}};

const App::ThankYouMessageBitmapType App::ThankYouMessageBitmap = {{
    0xE318, 0xE318, 0xE318, 0xE318, 0xE318, 0xE318, 0xE318, 0xC318, 0x0000, 0xFFFF, 0x494A, 0x0000, 0x0000, 0x0000, 0x0000, 0x0000,
    0x0000, 0x0000, 0x0000, 0x0000, 0x0000, 0x0000, 0x0000, 0x0000, 0x0000, 0x0000, 0x0000, 0x0000, 0x0000, 0x0000, 0x0000, 0x0000,
    0x0000, 0x3084, 0xFFFF, 0x0000, 0x0000, 0x0000, 0x0000, 0x0000, 0x0000, 0x0000, 0x0000, 0x0000, 0x0000, 0x0000, 0x0000, 0x0000,
    0x0000, 0x0000, 0x0000, 0x0000, 0x0000, 0x0000, 0x0000, 0x0000, 0x0000, 0x0000, 0x0000, 0x0000, 0x0000, 0x0000, 0x0000, 0x0000,
    0x0000, 0x0000, 0x1CE7, 0xFFFF, 0xFFFF, 0xFFFF, 0xFFFF, 0xFFFF, 0xFFFF, 0xB6B5, 0x0000, 0xFFFF, 0xAB5A, 0x0000, 0x0000, 0x0000,
    0x0000, 0x0000, 0x0000, 0x0000, 0x0000, 0x0000, 0x0000, 0x0000, 0x0000, 0x0000, 0x0000, 0x0000, 0x0000, 0x0000, 0x0000, 0x0000,
    0x0000, 0x0000, 0x0000, 0x3084, 0x79CE, 0x0000, 0x0000, 0x0000, 0x0000, 0x0000, 0x0000, 0x0000, 0x0000, 0x0000, 0x0000, 0x0000,
    0x0000, 0x0000, 0x0000, 0x0000, 0x0000, 0x0000, 0x0000, 0x0000, 0x0000, 0x0000, 0x0000, 0x0000, 0x0000, 0x0000, 0x0000, 0x0000,
    0x0000, 0x0000, 0x0000, 0x0000, 0x8210, 0x8210, 0x8210, 0x5DEF, 0x75AD, 0xA210, 0xA210, 0x0000, 0x0000, 0xFFFF, 0x0C63, 0x0000,
    0x0000, 0x0000, 0x0000, 0x0000, 0x0000, 0x0000, 0x0000, 0x0000, 0x0000, 0x0000, 0x0000, 0x0000, 0x0000, 0x0000, 0x0000, 0x0000,
    0x0000, 0x0000, 0x0000, 0x0000, 0x0000, 0x3084, 0xDAD6, 0x0000, 0x0000, 0x0000, 0x0000, 0x0000, 0x0000, 0x0000, 0x0000, 0x0000,
    0x0000, 0x0000, 0x0000, 0x0000, 0x0000, 0x0000, 0x0000, 0x0000, 0x0000, 0x0000, 0x0000, 0x0000, 0x0000, 0x0000, 0x0000, 0x0000,
    0x0000, 0x0000, 0x0000, 0x0000, 0x0000, 0x0000, 0x0000, 0x0000, 0x0000, 0x3CE7, 0x55AD, 0x0000, 0x0000, 0x0000, 0x0000, 0xFFFF,
    0x0C63, 0x494A, 0x9294, 0x2D6B, 0x0000, 0x0000, 0x0000, 0x0000, 0x0C63, 0x3084, 0xCF7B, 0x0842, 0x0000, 0x0000, 0x0000, 0xCF7B,
    0xA318, 0x694A, 0x718C, 0x4D6B, 0x0000, 0x0000, 0x0000, 0x3084, 0x1CE7, 0x0000, 0x0000, 0x8A52, 0xCF7B, 0x0000, 0x0000, 0x0000,
    0x0000, 0x2C63, 0x6D6B, 0x0000, 0x0000, 0x0000, 0xE318, 0xCF7B, 0x2108, 0x0000, 0x6210, 0xEC62, 0x9294, 0x8E73, 0x0421, 0x0000,
    0x0000, 0x6108, 0xCF7B, 0x0000, 0x0000, 0x0000, 0xA631, 0xCF7B, 0x0000, 0x0000, 0x0000, 0x1CE7, 0x55AD, 0x0000, 0x0000, 0x0000,
    0x0000, 0xFFFF, 0x38C6, 0x9AD6, 0x9294, 0xFFFF, 0x14A5, 0x0000, 0x0000, 0x38C6, 0xD7BD, 0x3084, 0xB294, 0xFFFF, 0xCB5A, 0x0000,
    0x0000, 0x7DEF, 0xD6B5, 0xDAD6, 0x718C, 0xFFFF, 0x96B5, 0x0000, 0x0000, 0x3084, 0x7DEF, 0x0000, 0x2842, 0xFFFF, 0x6D6B, 0x0000,
    0x0000, 0x0000, 0x0000, 0x8A52, 0xFFFF, 0xE318, 0x0000, 0x0000, 0xAE73, 0xBAD6, 0x0000, 0x2842, 0x3CE7, 0x96B5, 0x1084, 0xB6B5,
    0xBEF7, 0xA631, 0x0000, 0x8631, 0xFFFF, 0xC318, 0x0000, 0x0000, 0x0C63, 0x1CE7, 0x0000, 0x0000, 0x0000, 0xFBDE, 0x34A5, 0x0000,
    0x0000, 0x0000, 0x0000, 0xFFFF, 0x34A5, 0x0000, 0x0000, 0xAE73, 0xFFFF, 0x0000, 0x0000, 0x2529, 0x0000, 0x0000, 0x0000, 0x96B5,
    0x14A5, 0x0000, 0x0000, 0x7DEF, 0x96B5, 0x0000, 0x0000, 0x2C63, 0xFFFF, 0x8210, 0x0000, 0x3084, 0xDFFF, 0xC739, 0xFFFF, 0xEF7B,
    0x0000, 0x0000, 0x0000, 0x0000, 0x0000, 0x0000, 0x5CE7, 0x1084, 0x0000, 0x0000, 0x79CE, 0x1084, 0x0000, 0xB6B5, 0x34A5, 0x0000,
    0x0000, 0x0000, 0x38C6, 0x34A5, 0x0000, 0x8631, 0xFFFF, 0xC318, 0x0000, 0x0000, 0x0C63, 0x1CE7, 0x0000, 0x0000, 0x0000, 0xDBDE,
    0x14A5, 0x0000, 0x0000, 0x0000, 0x0000, 0xFFFF, 0x494A, 0x0000, 0x0000, 0xE739, 0xFFFF, 0x8210, 0x0000, 0x0000, 0x2108, 0x0842,
    0x0C63, 0x59CE, 0x75AD, 0x0000, 0x0000, 0x7DEF, 0xCB5A, 0x0000, 0x0000, 0x4529, 0xFFFF, 0x2421, 0x0000, 0x3084, 0xFFFF, 0xFFFF,
    0xF39C, 0x0000, 0x0000, 0x0000, 0x0000, 0x0000, 0x0000, 0x0000, 0x9294, 0x1CE7, 0x0000, 0x4529, 0xFFFF, 0x6529, 0x0000, 0xBEF7,
    0x0C63, 0x0000, 0x0000, 0x0000, 0x1084, 0xDBDE, 0x0000, 0x8631, 0xFFFF, 0xC318, 0x0000, 0x0000, 0x0C63, 0x1CE7, 0x0000, 0x0000,
    0x0000, 0xBAD6, 0xF39C, 0x0000, 0x0000, 0x0000, 0x0000, 0xFFFF, 0x294A, 0x0000, 0x0000, 0xA631, 0xFFFF, 0xA210, 0x0000, 0x2D6B,
    0x9EF7, 0xFFFF, 0xB294, 0x3CE7, 0x75AD, 0x0000, 0x0000, 0x7DEF, 0xCB5A, 0x0000, 0x0000, 0x2421, 0xFFFF, 0x2421, 0x0000, 0x3084,
    0xFFFF, 0xFFFF, 0x9AD6, 0x0000, 0x0000, 0x0000, 0x0000, 0x0000, 0x0000, 0x0000, 0xC739, 0xFFFF, 0xC739, 0x518C, 0x59CE, 0x0000,
    0x8210, 0xFFFF, 0xAA52, 0x0000, 0x0000, 0x0000, 0x8E73, 0x7DEF, 0x0000, 0x8631, 0xFFFF, 0xC318, 0x0000, 0x0000, 0x2C63, 0x1CE7,
    0x0000, 0x0000, 0x0000, 0x9AD6, 0xF39C, 0x0000, 0x0000, 0x0000, 0x0000, 0xFFFF, 0x294A, 0x0000, 0x0000, 0xA631, 0xFFFF, 0xA210,
    0x0000, 0xDEF7, 0x0C63, 0x0000, 0x0000, 0x55AD, 0x75AD, 0x0000, 0x0000, 0x7DEF, 0xCB5A, 0x0000, 0x0000, 0x2421, 0xFFFF, 0x2421,
    0x0000, 0x3084, 0x3CE7, 0xA631, 0xFFFF, 0x718C, 0x0000, 0x0000, 0x0000, 0x0000, 0x0000, 0x0000, 0x0000, 0x9AD6, 0xD7BD, 0xFFFF,
    0xAE73, 0x0000, 0x0000, 0x7DEF, 0xCF7B, 0x0000, 0x0000, 0x0000, 0x718C, 0x58C6, 0x0000, 0x2529, 0xFFFF, 0x4529, 0x0000, 0x0000,
    0xD294, 0x1CE7, 0x0000, 0x0000, 0x0000, 0x79CE, 0xF39C, 0x0000, 0x0000, 0x0000, 0x0000, 0xFFFF, 0x294A, 0x0000, 0x0000, 0xA631,
    0xFFFF, 0xA210, 0x0000, 0xBEF7, 0xEF7B, 0x0000, 0x6529, 0x3CE7, 0x75AD, 0x0000, 0x0000, 0x7DEF, 0xCB5A, 0x0000, 0x0000, 0x2421,
    0xFFFF, 0x2421, 0x0000, 0x3084, 0x38C6, 0x0000, 0x6D6B, 0xFFFF, 0xAB5A, 0x0000, 0x0000, 0x0000, 0x0000, 0x0000, 0x0000, 0xEF7B,
    0xFFFF, 0xFFFF, 0x0421, 0x0000, 0x0000, 0x9294, 0x9AD6, 0x8A52, 0x0000, 0x694A, 0x5DEF, 0xAB5A, 0x0000, 0x4108, 0x9EF7, 0x18C6,
    0x0000, 0x1084, 0xFFFF, 0x1CE7, 0x0000, 0x0000, 0x0000, 0x59CE, 0xF39C, 0x0000, 0x0000, 0x0000, 0x0000, 0xFFFF, 0x294A, 0x0000,
    0x0000, 0xA631, 0xFFFF, 0xA210, 0x0000, 0xEF7B, 0xFFFF, 0x1BDF, 0xDBDE, 0xD39C, 0x75AD, 0x0000, 0x0000, 0xFFFF, 0xCB5A, 0x0000,
    0x0000, 0x2421, 0xFFFF, 0x2421, 0x0000, 0x3084, 0xF7BD, 0x0000, 0x0000, 0x1084, 0xFFFF, 0x2529, 0x0000, 0x0000, 0x0000, 0x0000,
    0x0000, 0x2421, 0xFFFF, 0xF7BD, 0x0000, 0x0000, 0x0000, 0x6108, 0x14A5, 0xDFFF, 0xDEF7, 0x9EF7, 0xAE73, 0x0000, 0x0000, 0x0000,
    0x4D6B, 0xBEF7, 0xDFFF, 0xBAD6, 0x8E73, 0xFFFF, 0x0000, 0x0000, 0x0000, 0x2108, 0x0000, 0x0000, 0x0000, 0x0000, 0x0000, 0x0000,
    0x0000, 0x0000, 0x0000, 0x0000, 0x0000, 0x0000, 0x0000, 0x0000, 0x2000, 0xA318, 0x0000, 0x0000, 0x0000, 0x0000, 0x0000, 0x0000,
    0x0000, 0x0000, 0x0000, 0x0000, 0x0000, 0x0000, 0x0000, 0x0000, 0x0000, 0x0000, 0x0000, 0x0000, 0x0000, 0x0000, 0x0000, 0x0000,
    0x0000, 0x0000, 0x0000, 0x4108, 0xFFFF, 0x4D6B, 0x0000, 0x0000, 0x0000, 0x0000, 0x0000, 0x0000, 0xA318, 0x0000, 0x0000, 0x0000,
    0x0000, 0x0000, 0x0000, 0x0000, 0xC318, 0x0000, 0x0000, 0x0000, 0x0000, 0x0000, 0x0000, 0x0000, 0x0000, 0x0000, 0x0000, 0x0000,
    0x0000, 0x0000, 0x0000, 0x0000, 0x0000, 0x0000, 0x0000, 0x0000, 0x0000, 0x0000, 0x0000, 0x0000, 0x0000, 0x0000, 0x0000, 0x0000,
    0x0000, 0x0000, 0x0000, 0x0000, 0x0000, 0x0000, 0x0000, 0x0000, 0x0000, 0x0000, 0x0000, 0x0000, 0x0000, 0x0000, 0x0000, 0x0000,
    0x0000, 0x0000, 0x0000, 0x0000, 0x0000, 0x4D6B, 0xFFFF, 0x8210, 0x0000, 0x0000, 0x0000, 0x0000, 0x0000, 0x0000, 0x0000, 0x0000,
    0x0000, 0x0000, 0x0000, 0x0000, 0x0000, 0x0000, 0x0000, 0x0000, 0x0000, 0x0000, 0x0000, 0x0000, 0x0000, 0x0000, 0x0000, 0x0000,
    0x0000, 0x0000, 0x0000, 0x0000, 0x0000, 0x0000, 0x0000, 0x0000, 0x0000, 0x0000, 0x0000, 0x0000, 0x0000, 0x0000, 0x0000, 0x0000,
    0x0000, 0x0000, 0x0000, 0x0000, 0x0000, 0x0000, 0x0000, 0x0000, 0x0000, 0x0000, 0x0000, 0x0000, 0x0000, 0x0000, 0x0000, 0x0000,
    0x0000, 0x0000, 0x0000, 0x0000, 0x0000, 0x0000, 0x0000, 0xFFFF, 0x14A5, 0x0000, 0x0000, 0x0000, 0x0000, 0x0000, 0x0000, 0x0000,
    0x0000, 0x0000, 0x0000, 0x0000, 0x0000, 0x0000, 0x0000, 0x0000, 0x0000, 0x0000, 0x0000, 0x0000,
}};

const App::TouchMessageBitmapType App::FirstTouchMessageBitmap = {{
    0x0000, 0x0000, 0x0000, 0x0000, 0x0000, 0x0000, 0x0000, 0x0000, 0x0000, 0x0000, 0x0000, 0x0000, 0x0000, 0xEF7B, 0xA318, 0x0000,
    0x0000, 0x0000, 0x0000, 0x0000, 0x0000, 0x0000, 0x0000, 0x0000, 0x0000, 0x0000, 0x6631, 0x0000, 0x0000, 0x0000, 0x0000, 0x0000,
    0x0000, 0x0000, 0xAA52, 0xFBDE, 0x0000, 0x0000, 0x0000, 0x0000, 0x0000, 0x4529, 0x0000, 0x0000, 0x0000, 0x0000, 0xC739, 0x38C6,
    0xFFFF, 0xC318, 0x0000, 0x0000, 0x0000, 0x0000, 0x0000, 0x0000, 0x75AD, 0x3084, 0x0000, 0x0000, 0x0000, 0x0000, 0xD6B5, 0xFFFF,
    0x518C, 0x0000, 0x0000, 0x1084, 0xFFFF, 0xD294, 0xFFFF, 0xE318, 0x0000, 0x0000, 0x0000, 0x0000, 0x0000, 0xC318, 0xFFFF, 0x8631,
    0x0000, 0x0000, 0x0000, 0xEB5A, 0xFFFF, 0xFFFF, 0x9294, 0x0000, 0x0000, 0xAE73, 0x4108, 0x0842, 0xFFFF, 0xE318, 0x0000, 0x0000,
    0x0000, 0x0000, 0x0000, 0x8E73, 0x38C6, 0x0000, 0x0000, 0x0000, 0x0000, 0xFBDE, 0x4D6B, 0xFFFF, 0xB294, 0x0000, 0x0000, 0x0000,
    0x0000, 0x0842, 0xFFFF, 0xE318, 0x0000, 0x0000, 0x0000, 0x0000, 0x0000, 0x59CE, 0x8E73, 0x0000, 0x0000, 0x0000, 0x1084, 0x7DEF,
    0x0000, 0xFFFF, 0xD39C, 0x0000, 0x0000, 0x0000, 0x0000, 0x0842, 0xFFFF, 0xE318, 0x0000, 0x0000, 0x0000, 0x0000, 0xA631, 0xFFFF,
    0xC318, 0x0000, 0x0000, 0x4529, 0xFFFF, 0x6529, 0x0000, 0xFFFF, 0xF39C, 0x0000, 0x0000, 0x0000, 0x0000, 0x0842, 0xFFFF, 0xE318,
    0x0000, 0x0000, 0x0000, 0x0000, 0x718C, 0x96B5, 0x0000, 0x0000, 0x0000, 0x55AD, 0x14A5, 0x0000, 0x0000, 0xFFFF, 0xF39C, 0x0000,
    0x0000, 0x0000, 0x0000, 0x0842, 0xFFFF, 0xE318, 0x0000, 0x0000, 0x0000, 0x0000, 0x3CE7, 0xCB5A, 0x0000, 0x0000, 0x694A, 0xFFFF,
    0x718C, 0x3084, 0x1084, 0xFFFF, 0x79CE, 0x8E73, 0x0000, 0x0000, 0x0000, 0xE739, 0xFFFF, 0xE318, 0x0000, 0x0000, 0x0000, 0x8A52,
    0x9EF7, 0x2000, 0x0000, 0x0000, 0x494A, 0x139D, 0x139D, 0x55AD, 0x96B5, 0xFFFF, 0x3CE7, 0x34A5, 0x0000, 0x4108, 0x0421, 0xAA52,
    0xFFFF, 0xC739, 0xE420, 0x0000, 0x0000, 0x55AD, 0xF39C, 0x0000, 0x0000, 0x0000, 0x0000, 0x0000, 0x0000, 0x0000, 0x0000, 0x7DEF,
    0x9294, 0x0000, 0x0000, 0x14A5, 0xFFFF, 0xFFFF, 0xFFFF, 0xFFFF, 0xFFFF, 0xE739, 0xA210, 0xFFFF, 0x2842, 0x0000, 0x0000, 0x0000,
    0x0000, 0x0000, 0x0000, 0x0000, 0x0000, 0xFBDE, 0x718C, 0x0000, 0x0000, 0x0000, 0x0000, 0x0000, 0x0000, 0x0000, 0x0000, 0x0000,
    0x6D6B, 0xFBDE, 0x0000, 0x0000, 0x0000, 0x0000, 0x0000, 0x0000, 0x0000, 0x0000, 0x0000, 0xA318, 0x0000, 0x0000, 0x0000, 0x0000,
    0x0000, 0x0000, 0x0000, 0x0000, 0x0000, 0x0000, 0x38C6, 0x3084, 0x0000, 0x0000, 0x0000, 0x0000, 0x0000, 0x0000, 0x0000, 0x0000,
    0x0000, 0x0000, 0x0000, 0x0000,
}};

const App::TouchMessageBitmapType App::SecondTouchMessageBitmap = {{
    0x0000, 0x0000, 0x0000, 0x0000, 0x0000, 0x0000, 0x0000, 0x0000, 0x0000, 0x0000, 0x0000, 0x0000, 0x0000, 0xEF7B, 0xA318, 0x0000,
    0x0000, 0x0000, 0x0000, 0x0000, 0x0000, 0x0000, 0x0000, 0x0000, 0x6210, 0xC739, 0x4529, 0x0000, 0x0000, 0x0000, 0x0000, 0x0000,
    0x0000, 0x0000, 0xAA52, 0xFBDE, 0x0000, 0x0000, 0x0000, 0x0000, 0x0000, 0x4529, 0x0000, 0x0000, 0x0000, 0x3084, 0xFFFF, 0x7DEF,
    0xFFFF, 0x58C6, 0xC318, 0x0000, 0x0000, 0x0000, 0x0000, 0x0000, 0x75AD, 0x3084, 0x0000, 0x0000, 0x0000, 0x0000, 0xD6B5, 0xFFFF,
    0x518C, 0x0000, 0x0000, 0xDEF7, 0x8631, 0x0000, 0x8631, 0x9EF7, 0x9294, 0x0000, 0x0000, 0x0000, 0x0000, 0xC318, 0xFFFF, 0x8631,
    0x0000, 0x0000, 0x0000, 0xEB5A, 0xFFFF, 0xFFFF, 0x9294, 0x0000, 0x0000, 0x0000, 0x0000, 0x0000, 0x0000, 0x34A5, 0xF7BD, 0x0000,
    0x0000, 0x0000, 0x0000, 0x8E73, 0x38C6, 0x0000, 0x0000, 0x0000, 0x0000, 0xFBDE, 0x4D6B, 0xFFFF, 0xB294, 0x0000, 0x0000, 0x0000,
    0x0000, 0x0000, 0x0000, 0x58C6, 0xD39C, 0x0000, 0x0000, 0x0000, 0x0000, 0x59CE, 0x8E73, 0x0000, 0x0000, 0x0000, 0x1084, 0x7DEF,
    0x0000, 0xFFFF, 0xD39C, 0x0000, 0x0000, 0x0000, 0x0000, 0x0000, 0x2842, 0xFFFF, 0x2842, 0x0000, 0x0000, 0x0000, 0xA631, 0xFFFF,
    0xC318, 0x0000, 0x0000, 0x4529, 0xFFFF, 0x6529, 0x0000, 0xFFFF, 0xF39C, 0x0000, 0x0000, 0x0000, 0x0000, 0xA318, 0xDBDE, 0x518C,
    0x0000, 0x0000, 0x0000, 0x0000, 0x718C, 0x96B5, 0x0000, 0x0000, 0x0000, 0x55AD, 0x14A5, 0x0000, 0x0000, 0xFFFF, 0xF39C, 0x0000,
    0x0000, 0x0000, 0x0000, 0xD7BD, 0x34A5, 0x0000, 0x0000, 0x0000, 0x0000, 0x0000, 0x3CE7, 0xCB5A, 0x0000, 0x0000, 0x694A, 0xFFFF,
    0x718C, 0x3084, 0x1084, 0xFFFF, 0x79CE, 0x8E73, 0x0000, 0x0000, 0x75AD, 0x38C6, 0x0000, 0x0000, 0x0000, 0x0000, 0x0000, 0x8A52,
    0x9EF7, 0x2000, 0x0000, 0x0000, 0x494A, 0x139D, 0x139D, 0x55AD, 0x96B5, 0xFFFF, 0x3CE7, 0x34A5, 0x0000, 0x34A5, 0x9EF7, 0xA631,
    0x8631, 0x8631, 0x8631, 0x0000, 0x0000, 0x55AD, 0xF39C, 0x0000, 0x0000, 0x0000, 0x0000, 0x0000, 0x0000, 0x0000, 0x0000, 0x7DEF,
    0x9294, 0x0000, 0xE318, 0xFFFF, 0xFFFF, 0xFFFF, 0xFFFF, 0xFFFF, 0xFFFF, 0x8631, 0xA210, 0xFFFF, 0x2842, 0x0000, 0x0000, 0x0000,
    0x0000, 0x0000, 0x0000, 0x0000, 0x0000, 0xFBDE, 0x718C, 0x0000, 0x0000, 0x0000, 0x0000, 0x0000, 0x0000, 0x0000, 0x0000, 0x0000,
    0x6D6B, 0xFBDE, 0x0000, 0x0000, 0x0000, 0x0000, 0x0000, 0x0000, 0x0000, 0x0000, 0x0000, 0xA318, 0x0000, 0x0000, 0x0000, 0x0000,
    0x0000, 0x0000, 0x0000, 0x0000, 0x0000, 0x0000, 0x38C6, 0x3084, 0x0000, 0x0000, 0x0000, 0x0000, 0x0000, 0x0000, 0x0000, 0x0000,
    0x0000, 0x0000, 0x0000, 0x0000,
}};

const App::TouchMessageBitmapType App::ThirdTouchMessageBitmap = {{
    0x0000, 0x0000, 0x0000, 0x0000, 0x0000, 0x0000, 0x0000, 0x0000, 0x0000, 0x0000, 0x0000, 0x0000, 0x0000, 0xEF7B, 0xA318, 0x0000,
    0x0000, 0x0000, 0x0000, 0x0000, 0x0000, 0x0000, 0x0000, 0x0000, 0x6108, 0xC739, 0x2421, 0x0000, 0x0000, 0x0000, 0x0000, 0x0000,
    0x0000, 0x0000, 0xAA52, 0xFBDE, 0x0000, 0x0000, 0x0000, 0x0000, 0x0000, 0x4529, 0x0000, 0x0000, 0x0000, 0x718C, 0xFFFF, 0x9AD6,
    0xFFFF, 0x79CE, 0xA210, 0x0000, 0x0000, 0x0000, 0x0000, 0x0000, 0x75AD, 0x3084, 0x0000, 0x0000, 0x0000, 0x0000, 0xD6B5, 0xFFFF,
    0x518C, 0x0000, 0x0000, 0x9294, 0xE420, 0x0000, 0x6631, 0x7DEF, 0x3084, 0x0000, 0x0000, 0x0000, 0x0000, 0xC318, 0xFFFF, 0x8631,
    0x0000, 0x0000, 0x0000, 0xEB5A, 0xFFFF, 0xFFFF, 0x9294, 0x0000, 0x0000, 0x0000, 0x0000, 0x0000, 0x0000, 0xF7BD, 0x34A5, 0x0000,
    0x0000, 0x0000, 0x0000, 0x8E73, 0x38C6, 0x0000, 0x0000, 0x0000, 0x0000, 0xFBDE, 0x4D6B, 0xFFFF, 0xB294, 0x0000, 0x0000, 0x0000,
    0x0000, 0x0000, 0xCB5A, 0xFFFF, 0xEB5A, 0x0000, 0x0000, 0x0000, 0x0000, 0x59CE, 0x8E73, 0x0000, 0x0000, 0x0000, 0x1084, 0x7DEF,
    0x0000, 0xFFFF, 0xD39C, 0x0000, 0x0000, 0x0421, 0x55AD, 0xFFFF, 0xBEF7, 0x8E73, 0x0000, 0x0000, 0x0000, 0x0000, 0xA631, 0xFFFF,
    0xC318, 0x0000, 0x0000, 0x4529, 0xFFFF, 0x6529, 0x0000, 0xFFFF, 0xF39C, 0x0000, 0x0000, 0x0000, 0x4D6B, 0x6D6B, 0xD39C, 0xFFFF,
    0xAE73, 0x0000, 0x0000, 0x0000, 0x718C, 0x96B5, 0x0000, 0x0000, 0x0000, 0x55AD, 0x14A5, 0x0000, 0x0000, 0xFFFF, 0xF39C, 0x0000,
    0x0000, 0x0000, 0x0000, 0x0000, 0x0000, 0x14A5, 0xFFFF, 0x4108, 0x0000, 0x0000, 0x3CE7, 0xCB5A, 0x0000, 0x0000, 0x694A, 0xFFFF,
    0x718C, 0x3084, 0x1084, 0xFFFF, 0x79CE, 0x8E73, 0x0000, 0x0000, 0x0000, 0x0000, 0x0000, 0x494A, 0xFFFF, 0x4108, 0x0000, 0x8A52,
    0x9EF7, 0x2000, 0x0000, 0x0000, 0x494A, 0x139D, 0x139D, 0x55AD, 0x96B5, 0xFFFF, 0x3CE7, 0x34A5, 0x2529, 0x718C, 0x4529, 0x0000,
    0xA631, 0x18C6, 0x18C6, 0x0000, 0x0000, 0x55AD, 0xF39C, 0x0000, 0x0000, 0x0000, 0x0000, 0x0000, 0x0000, 0x0000, 0x0000, 0x7DEF,
    0x9294, 0x0000, 0xA318, 0xF7BD, 0xFFFF, 0xDFFF, 0xFFFF, 0xD6B5, 0xA631, 0x0000, 0xA210, 0xFFFF, 0x2842, 0x0000, 0x0000, 0x0000,
    0x0000, 0x0000, 0x0000, 0x0000, 0x0000, 0xFBDE, 0x718C, 0x0000, 0x0000, 0x0000, 0xA210, 0x8631, 0x8210, 0x0000, 0x0000, 0x0000,
    0x6D6B, 0xFBDE, 0x0000, 0x0000, 0x0000, 0x0000, 0x0000, 0x0000, 0x0000, 0x0000, 0x0000, 0xA318, 0x0000, 0x0000, 0x0000, 0x0000,
    0x0000, 0x0000, 0x0000, 0x0000, 0x0000, 0x0000, 0x38C6, 0x3084, 0x0000, 0x0000, 0x0000, 0x0000, 0x0000, 0x0000, 0x0000, 0x0000,
    0x0000, 0x0000, 0x0000, 0x0000,
}};

const App::TouchMessageBitmapType App::FourthTouchMessageBitmap = {{
    0x0000, 0x0000, 0x0000, 0x0000, 0x0000, 0x0000, 0x0000, 0x0000, 0x0000, 0x0000, 0x0000, 0x0000, 0x0000, 0xEF7B, 0xA318, 0x0000,
    0x0000, 0x0000, 0x0000, 0x0000, 0x0000, 0x0000, 0x0000, 0x0000, 0x0000, 0x0000, 0x0421, 0x4529, 0x0000, 0x0000, 0x0000, 0x0000,
    0x0000, 0x0000, 0xAA52, 0xFBDE, 0x0000, 0x0000, 0x0000, 0x0000, 0x0000, 0x4529, 0x0000, 0x0000, 0x0000, 0x0000, 0x0000, 0xE318,
    0xDEF7, 0xFFFF, 0x0842, 0x0000, 0x0000, 0x0000, 0x0000, 0x0000, 0x75AD, 0x3084, 0x0000, 0x0000, 0x0000, 0x0000, 0xD6B5, 0xFFFF,
    0x518C, 0x0000, 0x0000, 0x0000, 0x0000, 0xF39C, 0x1CE7, 0xFFFF, 0x2842, 0x0000, 0x0000, 0x0000, 0x0000, 0xC318, 0xFFFF, 0x8631,
    0x0000, 0x0000, 0x0000, 0xEB5A, 0xFFFF, 0xFFFF, 0x9294, 0x0000, 0x0000, 0x0000, 0x0842, 0xFFFF, 0x294A, 0xFFFF, 0x494A, 0x0000,
    0x0000, 0x0000, 0x0000, 0x8E73, 0x38C6, 0x0000, 0x0000, 0x0000, 0x0000, 0xFBDE, 0x4D6B, 0xFFFF, 0xB294, 0x0000, 0x0000, 0x0000,
    0x18C6, 0x518C, 0xC739, 0xFFFF, 0x494A, 0x0000, 0x0000, 0x0000, 0x0000, 0x59CE, 0x8E73, 0x0000, 0x0000, 0x0000, 0x1084, 0x7DEF,
    0x0000, 0xFFFF, 0xD39C, 0x0000, 0x0000, 0x4D6B, 0xFFFF, 0x0000, 0xC739, 0xFFFF, 0x494A, 0x0000, 0x0000, 0x0000, 0xA631, 0xFFFF,
    0xC318, 0x0000, 0x0000, 0x4529, 0xFFFF, 0x6529, 0x0000, 0xFFFF, 0xF39C, 0x0000, 0x6108, 0x5CE7, 0x694A, 0x0000, 0xC739, 0xFFFF,
    0x494A, 0x0000, 0x0000, 0x0000, 0x718C, 0x96B5, 0x0000, 0x0000, 0x0000, 0x55AD, 0x14A5, 0x0000, 0x0000, 0xFFFF, 0xF39C, 0x0000,
    0x59CE, 0x3CE7, 0x518C, 0x1084, 0xD294, 0xFFFF, 0xF39C, 0x0C63, 0x0000, 0x0000, 0x3CE7, 0xCB5A, 0x0000, 0x0000, 0x694A, 0xFFFF,
    0x718C, 0x3084, 0x1084, 0xFFFF, 0x79CE, 0x8E73, 0x718C, 0x139D, 0x14A5, 0x75AD, 0xB6B5, 0xFFFF, 0xB6B5, 0x1084, 0x0000, 0x8A52,
    0x9EF7, 0x2000, 0x0000, 0x0000, 0x494A, 0x139D, 0x139D, 0x55AD, 0x96B5, 0xFFFF, 0x3CE7, 0x34A5, 0x0000, 0x0000, 0x0000, 0x0000,
    0x6529, 0xFFFF, 0x0842, 0x0000, 0x0000, 0x55AD, 0xF39C, 0x0000, 0x0000, 0x0000, 0x0000, 0x0000, 0x0000, 0x0000, 0x0000, 0x7DEF,
    0x9294, 0x0000, 0x0000, 0x0000, 0x0000, 0x0000, 0x4529, 0xFFFF, 0x0842, 0x0000, 0xA210, 0xFFFF, 0x2842, 0x0000, 0x0000, 0x0000,
    0x0000, 0x0000, 0x0000, 0x0000, 0x0000, 0xFBDE, 0x718C, 0x0000, 0x0000, 0x0000, 0x0000, 0x0000, 0x0000, 0xA318, 0x0000, 0x0000,
    0x6D6B, 0xFBDE, 0x0000, 0x0000, 0x0000, 0x0000, 0x0000, 0x0000, 0x0000, 0x0000, 0x0000, 0xA318, 0x0000, 0x0000, 0x0000, 0x0000,
    0x0000, 0x0000, 0x0000, 0x0000, 0x0000, 0x0000, 0x38C6, 0x3084, 0x0000, 0x0000, 0x0000, 0x0000, 0x0000, 0x0000, 0x0000, 0x0000,
    0x0000, 0x0000, 0x0000, 0x0000,
}};

} // namespace evms
